PLayer_Id,Birthday,PLayer_Full_Name,Player_Name,Team_Club,Nationality,Height,Weight
192985,1991-06-28,Kevin De Bruyne,K. De Bruyne,ManchesterCity,Belgium,181,75
225263,1996-09-17,Duje Ćaleta-Car,D. Ćaleta-Car,OlympiqueLyonnais,Croatia,192,89
221174,1992-12-29,Mislav Oršić,M. Oršić,Trabzonspor,Croatia,179,69
205923,1993-04-24,Benjamin Thomas Davies,B. Davies,TottenhamHotspur,Wales,181,76
241042,2000-09-16,Oliver Skipp,O. Skipp,TottenhamHotspur,England,175,70
247204,1999-01-14,Emerson Aparecido Leite de Souza Junior,Emerson Royal,TottenhamHotspur,Brazil,181,79
188988,1993-02-15,Manuel Lanzini,M. Lanzini,RiverPlate,Argentina,167,59
189615,1989-12-15,Aaron Cresswell,A. Cresswell,WestHamUnited,England,175,66
210736,1994-08-03,Emerson Palmieri dos Santos,Emerson,WestHamUnited,Italy,176,79
226456,1996-02-22,Pablo Fornals Malla,Pablo Fornals,WestHamUnited,Spain,178,67
169588,1988-01-03,Jonathan Grant Evans,J. Evans,ManchesterUnited,Northern Ireland,188,77
222501,1995-12-05,Timothy Castagne,T. Castagne,Fulham,Belgium,185,80
225719,1996-10-03,Kelechi Promise Iheanacho,K. Iheanacho,LeicesterCity,Nigeria,185,82
232119,1996-05-23,Çağlar Söyüncü,Ç. Söyüncü,AtléticoMadrid,Turkey,185,82
237386,1998-09-06,Kiernan Dewsbury-Hall,K. Dewsbury-Hall,LeicesterCity,England,180,70
239085,2000-07-21,Erling Braut Haaland,E. Haaland,ManchesterCity,Norway,195,94
209331,1992-06-15,Mohamed Salah Ghaly,M. Salah,Liverpool,Egypt,175,71
212831,1992-10-02,Alisson Ramsés Becker,Alisson,Liverpool,Brazil,193,91
200949,1992-08-13,Lucas Rodrigues Moura da Silva,Lucas Moura,TottenhamHotspur,Brazil,174,72
200145,1992-02-23,Carlos Henrique Venancio Casimiro,Casemiro,ManchesterUnited,Brazil,185,84
202126,1993-07-28,Harry Kane,H. Kane,FCBayernMünchen,England,188,85
203376,1991-07-08,Virgil van Dijk,V. van Dijk,Liverpool,Netherlands,193,92
210257,1993-08-17,Ederson Santana de Moraes,Ederson,ManchesterCity,Brazil,188,86
239818,1997-05-14,Rúben dos Santos Gato Alves Dias,Rúben Dias,ManchesterCity,Portugal,187,82
200104,1992-07-08,손흥민 孙兴慜,H. Son,TottenhamHotspur,Korea Republic,183,78
215914,1991-03-29,N'Golo Kanté,N. Kanté,AlIttihad,France,168,70
231866,1996-06-22,Rodrigo Hernández Cascante,Rodri,ManchesterCity,Spain,191,82
218667,1994-08-10,Bernardo Mota Veiga de Carvalho e Silva,Bernardo Silva,ManchesterCity,Portugal,173,64
212198,1994-09-08,Bruno Miguel Borges Fernandes,Bruno Fernandes,ManchesterUnited,Portugal,179,69
222665,1998-12-17,Martin Ødegaard,M. Ødegaard,Arsenal,Norway,178,68
216267,1994-03-11,Andrew Robertson,A. Robertson,Liverpool,Scotland,178,64
193041,1986-12-15,Keylor Navas Gamboa,K. Navas,ParisSaintGermain,Costa Rica,185,80
212218,1994-05-27,Aymeric Laporte,A. Laporte,Spain,Spain,191,85
209989,1993-06-13,Thomas Partey,T. Partey,Arsenal,Ghana,185,77
246669,2001-09-05,Bukayo Saka,B. Saka,Arsenal,England,178,65
202811,1992-09-02,Damián Emiliano Martínez,E. Martínez,AstonVilla,Argentina,195,88
164240,1984-09-22,Thiago Emiliano da Silva,Thiago Silva,Chelsea,Brazil,183,79
202652,1994-12-08,Raheem Sterling,R. Sterling,Chelsea,England,170,69
189509,1991-04-11,Thiago Alcântara do Nascimento,Thiago,Liverpool,Spain,174,70
209499,1993-10-23,Fábio Henrique Tavares,Fabinho,AlIttihad,Brazil,188,78
231281,1998-10-07,Trent Alexander-Arnold,T. Alexander-Arnold,Liverpool,England,180,69
186942,1990-10-24,İlkay Gündoğan,İ. Gündoğan,FCBarcelona,Germany,180,80
204485,1991-02-21,Riyad Mahrez,R. Mahrez,AlAhliJeddah,Algeria,179,67
231677,1997-10-31,Marcus Rashford,M. Rashford,ManchesterUnited,England,186,70
193080,1990-11-07,David De Gea Quintana,De Gea,ManchesterUnited,Spain,192,76
201535,1993-04-25,Raphaël Varane,R. Varane,ManchesterUnited,France,191,81
205498,1991-12-20,Luiz Frello Filho Jorge,Jorginho,Arsenal,Italy,178,68
230666,1997-04-03,Gabriel Fernando de Jesus,Gabriel Jesus,Arsenal,Brazil,175,73
201024,1991-06-20,Kalidou Koulibaly,K. Koulibaly,AlHilal,Senegal,186,93
238074,1999-12-08,Reece James,R. James,Chelsea,England,178,87
224458,1996-12-04,Diogo José Teixeira da Silva,Diogo Jota,Liverpool,Portugal,178,68
241084,1997-01-13,Luis Fernando Díaz Marulanda,L. Díaz,Liverpool,Colombia,180,73
188377,1990-05-28,Kyle Walker,K. Walker,ManchesterCity,England,183,83
206517,1995-09-10,Jack Grealish,J. Grealish,ManchesterCity,England,180,81
237692,2000-05-28,Philip Foden,P. Foden,ManchesterCity,England,171,69
247851,1997-11-16,Bruno Guimarães Rodriguez Moura,Bruno Guimarães,NewcastleUnited,Brazil,182,74
186345,1990-09-19,Kieran Trippier,K. Trippier,NewcastleUnited,England,173,71
167948,1986-12-26,Hugo Lloris,H. Lloris,TottenhamHotspur,France,188,82
213648,1995-08-05,Pierre-Emile Kordt Højbjerg,P. Højbjerg,TottenhamHotspur,Denmark,187,84
224293,1997-03-13,Rúben Diogo da Silva Neves,Rúben Neves,AlHilal,Portugal,183,83
199503,1992-09-27,Granit Xhaka,G. Xhaka,Bayer04Leverkusen,Switzerland,185,82
232580,1997-12-19,Gabriel dos Santos Magalhães,Gabriel,Arsenal,Brazil,190,87
251566,2001-06-18,Gabriel Teodoro Martinelli Silva,Gabriel Martinelli,Arsenal,Brazil,178,75
219693,1993-03-15,Diego Carlos Santos Silva,Diego Carlos,AstonVilla,Brazil,186,79
207410,1994-05-06,Mateo Kovačić,M. Kovačić,ManchesterCity,Croatia,177,80
204935,1994-03-07,Jordan Pickford,J. Pickford,Everton,England,185,77
253072,1999-06-24,Darwin Gabriel Núñez Ribeiro,D. Núñez,Liverpool,Uruguay,187,80
229237,1995-07-19,Manuel Obafemi Akanji,M. Akanji,ManchesterCity,Switzerland,187,91
205988,1995-07-12,Luke Shaw,L. Shaw,ManchesterUnited,England,181,75
233049,2000-03-25,Jadon Sancho,J. Sancho,ManchesterUnited,England,180,76
227535,1997-06-25,Rodrigo Bentancur Colmán,R. Bentancur,TottenhamHotspur,Uruguay,187,73
236276,1997-01-31,Arnaut Danjuma Adam Groeneveld,A. Danjuma,Everton,Netherlands,178,74
243576,1999-09-13,Pedro Antonio Porro Sauceda,Pedro Porro,TottenhamHotspur,Spain,173,69
229391,1995-07-09,João Maria Lobo Alves Palhinha Gonçalves,Palhinha,Fulham,Portugal,190,85
198717,1992-11-10,Wilfried Zaha,W. Zaha,Galatasaray,Côte d'Ivoire,180,66
188567,1989-06-18,Pierre-Emerick Emiliano François Aubameyang,P. Aubameyang,OlympiquedeMarseille,Gabon,187,80
206585,1994-10-03,Kepa Arrizabalaga Revuelta,Kepa,RealMadrid,Spain,189,85
208670,1993-03-19,Hakim Ziyech,H. Ziyech,Galatasaray,Morocco,181,65
229984,1996-12-21,Ben Chilwell,B. Chilwell,Chelsea,England,180,77
233064,1999-01-10,Mason Mount,M. Mount,ManchesterUnited,England,181,74
247090,2001-01-17,Enzo Jeremías Fernández,E. Fernández,Chelsea,Argentina,178,76
197061,1991-08-08,Joël Andre Job Matip,J. Matip,Liverpool,Cameroon,194,90
237678,1999-05-25,Ibrahima Konaté,I. Konaté,Liverpool,France,194,95
204923,1994-03-17,Marcel Sabitzer,M. Sabitzer,BorussiaDortmund,Austria,178,76
255475,2000-02-24,Antony Matheus dos Santos,Antony,ManchesterUnited,Brazil,172,63
196978,1992-02-27,Callum Wilson,C. Wilson,NewcastleUnited,England,180,66
210047,1991-12-20,Fabian Lukas Schär,F. Schär,NewcastleUnited,Switzerland,188,84
216388,1997-03-12,Allan Saint-Maximin,A. Saint-Maximin,AlAhliJeddah,France,173,67
233731,1999-09-21,Alexander Isak,A. Isak,NewcastleUnited,Sweden,192,77
205569,1994-11-01,James Ward-Prowse,J. Ward-Prowse,WestHamUnited,England,173,66
231943,1997-05-10,Richarlison de Andrade,Richarlison,TottenhamHotspur,Brazil,184,71
247394,2000-04-25,Dejan Kulusevski,D. Kulusevski,TottenhamHotspur,Sweden,186,75
233927,1997-08-27,Lucas Tolentino Coelho de Lima,Lucas Paquetá,WestHamUnited,Brazil,180,72
226790,1996-12-16,Onyinye Wilfred Ndidi,W. Ndidi,LeicesterCity,Nigeria,183,74
226491,1997-06-05,Kieran Tierney,K. Tierney,RealSociedad,Scotland,180,73
207421,1994-12-04,Leandro Trossard,L. Trossard,Arsenal,Belgium,171,67
227813,1996-12-15,Oleksandr Zinchenko,O. Zinchenko,Arsenal,Ukraine,175,64
231936,1997-10-08,Benjamin White,B. White,Arsenal,England,185,77
200458,1993-07-20,Lucas Digne,L. Digne,AstonVilla,France,178,74
217036,1993-06-08,Alexandre Moreno Lopera,Álex Moreno,AstonVilla,Spain,179,68
226162,1996-12-25,Emiliano Buendía,E. Buendía,AstonVilla,Argentina,172,72
229906,1997-08-09,Leon Bailey Butler,L. Bailey,AstonVilla,Jamaica,178,77
244749,1996-03-30,Nayef Aguerd,N. Aguerd,WestHamUnited,Morocco,190,76
208830,1987-01-11,Jamie Vardy,J. Vardy,LeicesterCity,England,179,74
210243,1993-10-06,Ricardo Domingos Barbosa Pereira,Ricardo Pereira,LeicesterCity,Portugal,175,70
234742,1997-12-09,Harvey Lewis Barnes,H. Barnes,NewcastleUnited,England,185,72
212442,1993-01-17,José Pedro Malheiro de Sá,José Sá,WolverhamptonWanderers,Portugal,192,84
192563,1992-03-04,Bernd Leno,B. Leno,Fulham,Germany,189,83
199915,1991-11-21,Lewis Dunk,L. Dunk,Brighton&HoveAlbion,England,192,88
239837,1998-12-24,Alexis Mac Allister,A. Mac Allister,Liverpool,Argentina,176,72
220901,1995-09-15,David Raya Martin,David Raya,Arsenal,Spain,183,75
240273,2000-07-28,Emile Smith Rowe,E. Smith Rowe,Arsenal,England,182,72
212419,1993-03-13,Tyrone Mings,T. Mings,AstonVilla,England,196,77
189242,1992-06-12,Philippe Coutinho Correia,Coutinho,AstonVilla,Brazil,172,68
227174,1997-08-07,Matty Cash,M. Cash,AstonVilla,Poland,185,74
227678,1997-10-23,Ezri Konsa Ngoyo,E. Konsa,AstonVilla,England,183,77
248695,2000-12-17,Wesley Fofana,W. Fofana,Chelsea,France,190,76
202695,1992-11-19,James Tarkowski,J. Tarkowski,Everton,England,188,81
220971,1995-02-10,Naby Keïta,N. Keïta,WerderBremen,Guinea,172,64
225100,1997-05-23,Joe Gomez,J. Gomez,Liverpool,England,188,77
200159,1992-11-06,Stefan Ortega Moreno,S. Ortega,ManchesterCity,Germany,185,88
246191,2000-01-31,Julián Álvarez,J. Álvarez,ManchesterCity,Argentina,170,71
221660,1994-07-17,Victor Jörgen Nilsson Lindelöf,V. Lindelöf,ManchesterUnited,Sweden,187,80
229880,1997-11-26,Aaron Wan-Bissaka,A. Wan-Bissaka,ManchesterUnited,England,183,72
237238,1996-12-08,Scott McTominay,S. McTominay,ManchesterUnited,Scotland,193,88
238041,1999-08-17,Tyrell Malacia,T. Malacia,ManchesterUnited,Netherlands,169,67
220407,1989-01-15,Martin Dúbravka,M. Dúbravka,NewcastleUnited,Slovakia,190,80
202024,1992-04-15,Remo Marco Freuler,R. Freuler,Bologna,Switzerland,181,80
207863,1989-05-16,Felipe Augusto de Almeida Monteiro,Felipe,NottinghamForest,Brazil,190,84
233306,1997-03-12,Dean Henderson,D. Henderson,CrystalPalace,England,188,85
251573,1998-04-08,Renan Augusto Lodi dos Santos,Renan Lodi,OlympiquedeMarseille,Brazil,173,68
236480,1996-08-30,Yves Bissouma,Y. Bissouma,TottenhamHotspur,Mali,182,80
164835,1985-04-18,Łukasz Fabiański,Ł. Fabiański,WestHamUnited,Poland,190,83
193105,1993-02-27,Alphonse Areola,A. Areola,WestHamUnited,France,195,94
204311,1994-10-27,Kurt Happy Zouma,K. Zouma,WestHamUnited,France,190,95
240243,1999-05-27,Matheus Santos Carneiro Da Cunha,Matheus Cunha,WolverhamptonWanderers,Brazil,183,76
236792,1995-02-27,Tomáš Souček,T. Souček,WestHamUnited,Czech Republic,192,86
198950,1992-05-11,Pablo Sarabia García,Pablo Sarabia,WolverhamptonWanderers,Spain,174,70
253124,1998-08-27,Matheus Luiz Nunes,Matheus Nunes,ManchesterCity,Portugal,183,76
215716,1994-09-16,Aleksandar Mitrović,A. Mitrović,AlHilal,Serbia,189,90
206594,1994-07-20,Solomon March,S. March,Brighton&HoveAlbion,England,180,77
228789,1997-11-18,Robert Lynch Sánchez,Robert Sánchez,Chelsea,Spain,197,85
255565,1997-05-20,三笘 薫,K. Mitoma,Brighton&HoveAlbion,Japan,178,71
237942,1998-01-21,Pervis Josué Estupiñán Tenorio,P. Estupiñán,Brighton&HoveAlbion,Ecuador,175,78
194404,1989-07-19,Norberto Murara Neto,Neto,AFCBournemouth,Brazil,190,84
232938,1998-11-05,冨安 健洋,T. Tomiyasu,Arsenal,Japan,188,84
210881,1994-10-18,John McGinn,J. McGinn,AstonVilla,Scotland,178,68
225859,1996-03-08,Moussa Niakhaté,M. Niakhaté,NottinghamForest,Senegal,190,85
227927,1997-04-13,Kyle Walker-Peters,K. Walker-Peters,Southampton,England,173,62
202335,1994-01-15,Eric Dier,E. Dier,TottenhamHotspur,England,188,90
220440,1995-06-17,Clément Nicolas Laurent Lenglet,C. Lenglet,AstonVilla,France,186,81
190717,1990-03-28,Michail Antonio,M. Antonio,WestHamUnited,Jamaica,180,82
220793,1996-06-12,Davinson Sánchez Mina,D. Sánchez,Galatasaray,Colombia,187,81
195859,1992-07-23,Daniel William John Ings,D. Ings,WestHamUnited,England,178,73
220621,1995-08-10,Mohamed Saïd Benrahma,S. Benrahma,WestHamUnited,Algeria,172,67
226710,1999-01-01,Gianluca Scamacca,G. Scamacca,Atalanta,Italy,195,85
244470,1992-08-22,Vladimír Coufal,V. Coufal,WestHamUnited,Czech Republic,175,76
235036,1998-04-03,Wout Felix Lina Faes,W. Faes,LeicesterCity,Belgium,187,82
194806,1990-05-06,Craig Dawson,C. Dawson,WolverhamptonWanderers,England,188,77
204838,1991-05-05,Raúl Alonso Jiménez Rodríguez,R. Jiménez,Fulham,Mexico,188,81
227928,1993-11-16,Nélson Cabral Semedo,Nélson Semedo,WolverhamptonWanderers,Portugal,177,69
231633,1997-01-09,Issa Diop,I. Diop,Fulham,France,194,92
189690,1987-01-10,Vicente Guaita Panadero,Guaita,CeltadeVigo,Spain,190,80
224221,1996-05-31,Joachim Andersen,J. Andersen,Denmark,Denmark,192,90
235794,1998-06-29,Eberechi Eze,E. Eze,CrystalPalace,England,178,67
241159,2000-07-13,Addji Keaninkin Marc-Israel Guéhi,M. Guéhi,England,England,182,82
242619,2000-01-08,Cheick Oumar Doucouré,C. Doucouré,CrystalPalace,Mali,180,73
247827,2001-12-12,Michael Olise,M. Olise,CrystalPalace,France,189,73
190765,1991-06-15,Pascal Groß,P. Groß,Brighton&HoveAlbion,Germany,181,78
207616,1995-01-04,Adam Webster,A. Webster,Brighton&HoveAlbion,England,191,75
208004,1992-01-15,Joël Ivo Veltman,J. Veltman,Brighton&HoveAlbion,Netherlands,184,75
256079,2001-11-02,Moisés Isaac Caicedo Corozo,M. Caicedo,Chelsea,Ecuador,178,71
189682,1989-09-21,Ben Mee,B. Mee,Brentford,England,180,82
238717,1993-05-29,Ethan Rupert Pinnock,E. Pinnock,Brentford,Jamaica,194,79
228295,1995-09-20,Rob Holding,R. Holding,CrystalPalace,England,189,75
233267,1994-06-24,Matthew Charles Turner,M. Turner,NottinghamForest,United States,190,79
256958,2000-05-30,Fábio Daniel Ferreira Vieira,Fábio Vieira,Arsenal,Portugal,176,61
213666,1996-01-23,Ruben Loftus-Cheek,R. Loftus-Cheek,Milan,England,191,88
254796,2002-03-10,Chukwunonso Tristan Madueke,N. Madueke,Chelsea,England,182,73
207599,1993-01-11,Michael Keane,M. Keane,Everton,England,191,82
208135,1993-01-01,Abdoulaye Doucouré,A. Doucouré,Everton,Mali,184,76
221479,1997-03-16,Dominic Calvert-Lewin,D. Calvert-Lewin,Everton,England,187,71
220633,1996-06-28,Demarai Gray,D. Gray,AlEttifaq,Jamaica,183,75
238744,1998-08-28,Weston James Earl McKennie,W. McKennie,Juventus,United States,185,90
198784,1993-08-15,Alex Oxlade-Chamberlain,A. Oxlade-Chamberlain,Beşiktaş,England,175,70
232223,1996-05-12,Konstantinos Tsimikas,K. Tsimikas,Liverpool,Greece,179,70
242434,2001-01-30,Curtis Jones,C. Jones,Liverpool,England,185,74
246174,2003-04-04,Harvey Elliott,H. Elliott,Liverpool,England,168,67
221363,1997-04-18,Donny van de Beek,D. van de Beek,ManchesterUnited,Netherlands,184,74
202750,1991-02-03,Willy-Arnaud Zobo Boly,W. Boly,NottinghamForest,Côte d'Ivoire,195,97
212382,1994-05-28,Paul Ebere Onuachu,P. Onuachu,Trabzonspor,Nigeria,201,98
162347,1986-09-08,João Filipe Iria Santos Moutinho,João Moutinho,SportingBraga,Portugal,170,61
212811,1993-09-01,Mario René Junior Lemina,M. Lemina,WolverhamptonWanderers,Gabon,184,85
213956,1996-01-25,Adama Traoré Diarra,Adama Traoré,Fulham,Spain,178,86
238616,2000-03-09,Pedro Lomba Neto,Pedro Neto,WolverhamptonWanderers,Portugal,172,62
239901,1997-07-07,Saša Kalajdžić,S. Kalajdžić,WolverhamptonWanderers,Austria,200,90
180403,1988-08-09,Willian Borges da Silva,Willian,Fulham,Brazil,175,77
208450,1996-01-01,Andreas Hugo Hoelgebaum Pereira,Andreas Pereira,Fulham,Brazil,177,70
236699,1996-08-13,Saša Lukić,S. Lukić,Fulham,Serbia,183,77
246791,1999-07-24,Manor Solomon,M. Solomon,TottenhamHotspur,Israel,170,67
210697,1994-03-10,Christian Thers Nørgaard,C. Nørgaard,Denmark,Denmark,187,77
224494,1997-07-08,Rico Henry,R. Henry,Brentford,England,170,66
240787,2000-02-16,Hamed Junior Traorè,H. Traorè,AFCBournemouth,Côte d'Ivoire,177,77
211454,1992-07-11,Mohamed Naser Elsayed Elneny,M. Elneny,Arsenal,Egypt,179,72
152908,1985-07-09,Ashley Young,A. Young,Everton,England,175,65
207948,1995-09-06,Bertrand Isidore Traoré,B. Traoré,AstonVilla,Burkina Faso,181,73
246923,2001-05-21,Jacob Ramsey,J. Ramsey,AstonVilla,England,180,72
230918,1999-07-05,Trevoh Chalobah,T. Chalobah,Chelsea,England,191,84
213655,1996-05-03,Alex Iwobi,A. Iwobi,Fulham,Nigeria,185,75
220523,1994-09-23,Yerry Fernando Mina González,Y. Mina,Fiorentina,Colombia,195,94
226766,1995-10-21,Daniel Castelo Podence,Daniel Podence,WolverhamptonWanderers,Portugal,165,58
243282,1999-11-22,Dwight McNeil,D. McNeil,Everton,England,183,70
232080,1996-11-20,Jack Harrison,J. Harrison,Everton,England,175,70
235945,1996-11-26,Marc Roca Junqué,Marc Roca,RealBetis,Spain,184,81
236532,1996-07-17,Robin Koch,R. Koch,EintrachtFrankfurt,Germany,192,85
242656,2000-03-02,Illan Meslier,I. Meslier,LeedsUnited,France,196,74
206085,1995-02-24,Jacob Murphy,J. Murphy,NewcastleUnited,England,179,74
218659,1995-09-18,Matt Targett,M. Targett,NewcastleUnited,England,183,70
186801,1989-12-21,Cheikhou Kouyaté,C. Kouyaté,NottinghamForest,Senegal,189,83
230978,1997-08-12,Taiwo Michael Awoniyi,T. Awoniyi,NottinghamForest,Nigeria,189,85
234078,1998-03-18,Orel Mangala,O. Mangala,NottinghamForest,Belgium,178,80
236015,2000-01-27,Morgan Anthony Gibbs-White,M. Gibbs-White,NottinghamForest,England,178,70
244915,1999-04-17,Mohamed Salisu Abdul Karim,M. Salisu,Monaco,Ghana,191,85
273106,2001-04-29,Danilo dos Santos de Oliveira,Danilo,NottinghamForest,Brazil,176,69
172203,1988-03-17,Fraser Forster,F. Forster,TottenhamHotspur,England,201,93
235883,2000-05-18,Kouassi Ryan Sessegnon,R. Sessegnon,TottenhamHotspur,England,178,70
183855,1988-05-23,Angelo Obinze Ogbonna,A. Ogbonna,WestHamUnited,Italy,191,86
215798,1996-09-27,Gnaly Maxwel Cornet,M. Cornet,WestHamUnited,Côte d'Ivoire,179,69
226229,1996-09-21,Jan Thilo Kehrer,T. Kehrer,WestHamUnited,Germany,186,76
199652,1994-05-14,Dennis Praet,D. Praet,LeicesterCity,Belgium,181,78
231554,1998-02-23,James Justin,J. Justin,LeicesterCity,England,183,80
239817,1999-02-27,Boubakary Soumaré,B. Soumaré,Sevilla,France,188,82
210455,1994-03-03,Jonathan Castro Otto,Jonny,WolverhamptonWanderers,Spain,170,70
226380,1996-01-26,황희찬 黄喜灿,Hwang Hee Chan,WolverhamptonWanderers,Korea Republic,177,77
245336,1997-05-23,Maximilian Kilman,M. Kilman,WolverhamptonWanderers,England,194,89
207557,1990-01-08,Robin Patrick Olsen,R. Olsen,AstonVilla,Sweden,198,89
212501,1995-04-15,Leander Dendoncker,L. Dendoncker,AstonVilla,Belgium,188,88
246340,2001-01-05,Mykhailo Mudryk,M. Mudryk,Chelsea,Ukraine,175,61
256268,2001-09-10,Armando Broja,A. Broja,Chelsea,Albania,191,75
172723,1987-06-20,Asmir Begović,A. Begović,QueensParkRangers,Bosnia and Herzegovina,199,101
225024,1996-10-22,Mason Holgate,M. Holgate,Southampton,England,184,75
180216,1988-10-11,Séamus Coleman,S. Coleman,Everton,Republic of Ireland,177,77
225793,1998-01-15,Ben Godfrey,B. Godfrey,Everton,England,183,79
244380,1999-05-29,Vitaliy Mykolenko,V. Mykolenko,Everton,Ukraine,180,71
257057,2001-08-16,Amadou Zeund Georges Ba Mvom Onana,A. Onana,Everton,Belgium,192,76
206534,1993-09-05,Patrick Bamford,P. Bamford,LeedsUnited,England,185,71
231838,1998-02-04,Maximilian Wöber,M. Wöber,BorussiaMönchengladbach,Austria,188,82
233301,1997-07-11,Rasmus Nissen Kristensen,R. Kristensen,Roma,Denmark,187,70
239360,1999-08-11,Pascal Struijk,P. Struijk,LeedsUnited,Netherlands,190,79
241184,1996-08-22,Héctor Junior Firpo Adamés,Junior Firpo,LeedsUnited,Spain,184,78
203487,1993-11-11,Jamaal Lascelles,J. Lascelles,NewcastleUnited,England,188,83
247361,2000-10-22,Brenden Russell Aaronson,B. Aaronson,UnitedStates,United States,177,66
192123,1991-12-07,Christopher Grant Wood,C. Wood,NottinghamForest,New Zealand,191,92
251421,2001-05-23,Brennan Price Johnson,B. Johnson,TottenhamHotspur,Wales,179,71
235642,1997-11-21,Ryan Yates,R. Yates,NottinghamForest,England,190,77
239015,1997-11-15,Emmanuel Bonaventure Dennis,E. Dennis,NottinghamForest,Nigeria,175,66
220570,1996-04-12,Jan Kacper Bednarek,J. Bednarek,Southampton,Poland,189,77
226093,1996-07-13,Ché Adams,C. Adams,Southampton,Scotland,178,70
231318,1997-09-22,Romain Perraud,R. Perraud,Nice,France,173,68
207998,1993-06-22,Danny Ward,D. Ward,LeicesterCity,Wales,191,88
212883,1994-12-21,Daniel Amartey,D. Amartey,Beşiktaş,Ghana,186,79
241202,1998-10-09,Patson Daka,P. Daka,LeicesterCity,Zambia,183,71
242641,2001-06-06,Rayan Aït-Nouri,R. Aït-Nouri,WolverhamptonWanderers,France,180,70
203502,1993-02-02,Bobby De Cordova-Reid,B. De Cordova-Reid,Fulham,Jamaica,170,68
189165,1992-02-27,Jonjo Shelvey,J. Shelvey,NottinghamForest,England,184,80
205990,1995-01-27,Harrison Reed,H. Reed,Fulham,England,175,72
207494,1992-12-15,Jesse Lingard,J. Lingard,NottinghamForest,England,175,60
220710,1997-03-22,Harry Wilson,H. Wilson,Fulham,Wales,173,70
222951,1996-12-13,Marek Rodák,M. Rodák,Fulham,Slovakia,194,81
223211,1994-01-05,Gustavo Henrique Furtado Scarpa,Gustavo Scarpa,NottinghamForest,Brazil,175,68
232104,1997-11-10,Daniel James,D. James,LeedsUnited,Wales,171,76
244621,1995-03-22,Carlos Vinícius Alves Morais,Vinícius,Fulham,Brazil,190,83
206075,1993-03-25,Sam Johnstone,S. Johnstone,CrystalPalace,England,193,85
233866,1998-01-16,Odsonne Édouard,O. Edouard,CrystalPalace,France,187,83
236461,1997-06-28,Jean-Philippe Mateta,J. Mateta,CrystalPalace,France,192,88
241928,1999-10-22,Albert-Mboyo Sambi Lokonga,A. Sambi Lokonga,LutonTown,Belgium,183,73
186146,1990-11-26,Daniel Nii Tackie Mensah Welbeck,D. Welbeck,Brighton&HoveAlbion,England,185,73
179844,1988-10-07,Diego da Silva Costa,Diego Costa,WolverhamptonWanderers,Spain,186,87
242418,2000-09-30,Tariq Lamptey,T. Lamptey,Brighton&HoveAlbion,Ghana,163,62
241811,2000-09-04,Sergio Gómez Martín,Sergio Gómez,ManchesterCity,Spain,171,68
242964,2001-02-24,Anthony Gordon,A. Gordon,NewcastleUnited,England,183,72
207807,1994-02-24,Ryan Fraser,R. Fraser,Southampton,Scotland,163,70
176571,1989-12-17,André Morgan Rami Ayew,A. Ayew,Ghana,Ghana,176,72
230708,1997-01-10,Joe Worrall,J. Worrall,NottinghamForest,England,190,90
202282,1992-03-30,Stuart Armstrong,S. Armstrong,Southampton,Scotland,183,75
231044,1996-07-21,Joseph Oluwaseyi Temitope Ayodele-Aribo,J. Aribo,Southampton,Nigeria,183,76
203362,1994-08-04,Mohamed Amine Elyounoussi,M. Elyounoussi,København,Norway,178,70
247497,2001-12-11,Armel Bella Kotchap,A. Bella Kotchap,PSV,Germany,190,87
256035,2002-02-15,Kamaldeen Sulemana,K. Sulemana,Southampton,Ghana,175,70
262118,2002-11-12,Valentino Livramento,T. Livramento,NewcastleUnited,England,181,71
236600,1999-03-31,Japhet Tanganga,J. Tanganga,FCAugsburg,England,180,73
241842,2000-01-24,Benjamin Johnson,B. Johnson,WestHamUnited,England,180,69
198861,1992-06-23,Nampalys Mendy,N. Mendy,Lens,Senegal,167,73
202849,1992-08-03,Jannik Vestergaard,J. Vestergaard,LeicesterCity,Denmark,199,96
228410,1997-07-19,Daniel Lønne Iversen,D. Iversen,LeicesterCity,Denmark,193,80
201118,1991-08-31,Cédric Ricardo Alves Soares,Cédric,Arsenal,Portugal,172,67
195202,1991-01-20,Tom Cairney,T. Cairney,Fulham,Scotland,186,84
201510,1992-09-04,Layvin Kurzawa,L. Kurzawa,ParisSaintGermain,France,182,74
186392,1989-10-29,Joel Ward,J. Ward,CrystalPalace,England,188,83
190456,1991-04-05,Nathaniel Edwin Clyne,N. Clyne,CrystalPalace,England,175,67
197756,1991-09-11,Jordan Pierre Ayew,J. Ayew,CrystalPalace,Ghana,182,81
206516,1995-04-17,Will Hughes,W. Hughes,CrystalPalace,England,185,74
221269,1996-09-09,Jaïro Riedewald,J. Riedewald,CrystalPalace,Netherlands,182,79
250954,2000-03-28,Christopher Jeffrey Richards,C. Richards,CrystalPalace,United States,188,87
235167,1998-05-10,Vitaly Janelt,V. Janelt,Brentford,Germany,184,79
239778,1999-04-07,Jakub Piotr Moder,J. Moder,Brighton&HoveAlbion,Poland,188,78
190885,1991-04-29,Adam Smith,A. Smith,AFCBournemouth,England,180,78
202697,1994-01-27,Jack Stephens,J. Stephens,Southampton,England,185,75
205346,1992-10-10,Ryan Fredericks,R. Fredericks,AFCBournemouth,England,181,74
213884,1995-02-12,Ryan Christie,R. Christie,Scotland,Scotland,178,71
220196,1997-07-08,David Robert Brooks,D. Brooks,Wales,Wales,180,62
224294,1997-02-03,Lewis Cook,L. Cook,AFCBournemouth,England,175,71
253290,1997-11-09,Matías Nicolás Viña Susperreguy,M. Viña,Sassuolo,Uruguay,181,70
265693,2000-02-15,Jakub Piotr Kiwior,J. Kiwior,Arsenal,Poland,189,75
235172,1999-04-09,Rúben Gonçalo Silva Nascimento Vinagre,Rúben Vinagre,HullCity,Portugal,174,66
193910,1991-10-08,Adam Forshaw,A. Forshaw,NorwichCity,England,174,71
245637,2002-04-20,Georginio Rutter,G. Rutter,LeedsUnited,France,182,83
251954,2001-10-30,Crysencio Summerville,C. Summerville,LeedsUnited,Netherlands,174,64
240913,1998-11-23,Caoimhin Kelleher,C. Kelleher,Liverpool,Republic of Ireland,188,74
240926,1997-03-21,Nathaniel Phillips,N. Phillips,Celtic,England,190,84
257470,2002-04-27,Anthony David Junior Elanga,A. Elanga,NottinghamForest,Sweden,178,75
204355,1991-09-26,Paul Dummett,P. Dummett,NewcastleUnited,Wales,183,82
207650,1994-08-02,Emil Henry Kristoffer Krafth,E. Krafth,NewcastleUnited,Sweden,184,83
183491,1990-04-23,Mathias Jattah-Njie Jørgensen,Zanka,Brentford,Denmark,191,85
231445,1998-10-23,Pelenda Joshua Tunga Dasilva,J. Dasilva,Brentford,England,184,75
216627,1992-08-08,Kieffer Roberto Francisco Moore,K. Moore,Wales,Wales,196,83
239529,1998-01-01,Frank Ogochukwu Onyeka,F. Onyeka,Brentford,Nigeria,183,70
221282,1996-04-06,Jack Stacey,J. Stacey,NorwichCity,England,180,66
231512,1998-10-06,Lloyd Kelly,L. Kelly,AFCBournemouth,England,190,76
232284,1999-05-18,Mark Travers,M. Travers,RepublicofIreland,Republic of Ireland,191,82
237477,1999-03-22,Marcus Tavernier,M. Tavernier,AFCBournemouth,England,177,70
258781,2002-09-01,Illia Zabarnyi,I. Zabarnyi,Ukraine,Ukraine,186,81
243657,2001-03-13,James David Garner,J. Garner,Everton,England,182,80
194911,1987-01-03,Adrián San Miguel del Castillo,Adrián,Liverpool,Spain,190,80
163264,1986-04-15,Tom Heaton,T. Heaton,ManchesterUnited,England,188,85
243414,2000-09-03,Brandon Williams,B. Williams,IpswichTown,England,182,63
186395,1989-09-10,Matt Ritchie,M. Ritchie,NewcastleUnited,Scotland,172,76
203775,1993-06-22,Loris Karius,L. Karius,NewcastleUnited,Germany,189,87
206304,1991-04-07,Luka Milivojević,L. Milivojević,CrystalPalace,Serbia,186,80
193011,1991-04-19,Steve Cook,S. Cook,QueensParkRangers,England,185,82
221841,1997-02-10,Adam Armstrong,A. Armstrong,Southampton,England,172,69
256402,2002-11-30,Carlos Jonas Alcaraz,C. Alcaraz,Southampton,Argentina,176,70
173546,1989-03-29,James Tomkins,J. Tomkins,CrystalPalace,England,192,74
198350,1993-07-13,Daniel Bentley,D. Bentley,WolverhamptonWanderers,England,188,73
245992,2001-06-11,Billy Gilmour,B. Gilmour,Scotland,Scotland,170,66
243606,2001-02-22,Keane Lewis-Potter,K. Lewis-Potter,Brentford,England,170,67
169697,1987-05-12,Darren Randolph,D. Randolph,AFCBournemouth,Republic of Ireland,188,78
243669,1999-12-01,Jaidon Anthony,J. Anthony,LeedsUnited,England,183,72
267991,2003-01-07,Máximo Perrone,M. Perrone,LasPalmas,Argentina,178,64
203042,1993-03-10,Jack Butland,J. Butland,Rangers,England,196,95
253283,2001-12-20,Facundo Pellistri Rebollo,F. Pellistri,ManchesterUnited,Uruguay,175,65
231292,1998-01-25,Jamal Lewis,J. Lewis,Watford,Northern Ireland,178,70
206086,1995-08-19,Harry Toffolo,H. Toffolo,NottinghamForest,England,183,71
234249,1998-07-28,Sam Surridge,S. Surridge,NashvilleSC,England,191,77
235026,1998-02-15,Omar Tyrell Crawford Richards,O. Richards,NottinghamForest,England,174,70
222156,1997-12-11,James Bree,J. Bree,Southampton,England,178,74
243585,2002-02-20,Gavin Okeroghene Bazunu,G. Bazunu,Southampton,Republic of Ireland,189,78
259868,2002-09-14,Pape Matar Sarr,P. Sarr,TottenhamHotspur,Senegal,184,70
240097,1999-01-20,Flynn Downes,F. Downes,Southampton,England,173,70
258908,2000-06-08,Jan Paul van Hecke,J. van Hecke,Brighton&HoveAlbion,Netherlands,185,78
262859,2003-02-26,Levi Samuels Colwill,L. Colwill,Chelsea,England,187,80
238157,1999-06-24,Mads Roerslev Rasmussen,M. Roerslev,Brentford,Denmark,184,67
192317,1992-09-23,Jed Steer,J. Steer,AstonVilla,England,183,80
260926,2001-11-27,Kevin Schade,K. Schade,Germany,Germany,185,74
213693,1995-01-11,Joe Rothwell,J. Rothwell,AFCBournemouth,England,183,77
257896,2001-10-16,Nathan Kenneth Patterson,N. Patterson,Everton,Scotland,183,80
253407,2002-01-26,Sam Greenwood,S. Greenwood,Middlesbrough,England,180,75
271975,2004-10-22,Stefan Bajcetic Maquieira,Stefan Bajcetic,Liverpool,Spain,185,70
272936,2002-03-08,Luiz Gustavo Oliveira da Silva ,Luizão,WestHamUnited,Brazil,187,80
262416,2000-02-05,Francisco Jorge Tavares Oliveira,Chiquinho,Famalicão,Portugal,179,72
259608,2004-10-19,Evan Ferguson,E. Ferguson,RepublicofIreland,Republic of Ireland,188,75
188836,1990-08-18,Jason Steele,J. Steele,Brighton&HoveAlbion,England,188,79
260942,2002-12-22,David Datro Fofana,D. Fofana,FCUnionBerlin,Côte d'Ivoire,181,82
169705,1989-08-05,Ryan Bertrand,R. Bertrand,LeicesterCity,England,179,85
251198,2001-01-05,Ellis Simms,E. Simms,CoventryCity,England,191,73
254243,2002-11-06,Elliott Anderson,E. Anderson,NewcastleUnited,Scotland,179,70
218623,1993-02-26,Carlos Miguel Ribeiro Dias,Cafú,RotherhamUnited,Portugal,185,82
269495,2004-12-23,Facundo Valentín Buonanotte,F. Buonanotte,Brighton&HoveAlbion,Argentina,174,66
231949,1993-09-06,Saman Ghoddos,S. Ghoddos,Brentford,Iran,175,79
189446,1989-11-26,Junior Stanislas,J. Stanislas,AFCBournemouth,England,183,76
242752,2000-10-06,Nathan Ferguson,N. Ferguson,CrystalPalace,England,178,76
263522,2002-06-16,Jeremy Sarmiento,J. Sarmiento,WestBromwichAlbion,Ecuador,178,73
248158,2004-05-15,Gabriel Slonina,G. Slonina,ASEupen,United States,193,89
257534,2002-05-06,Cole Palmer,C. Palmer,Chelsea,England,189,74
253465,2002-04-30,Teden Mengi,T. Mengi,LutonTown,England,183,78
198039,1992-03-27,Mark Gillespie,M. Gillespie,NewcastleUnited,England,192,83
254859,2002-04-11,Alex Mighten,A. Mighten,Kortrijk,England,172,70
252975,2001-08-20,Boubacar Traoré,B. Traoré,WolverhamptonWanderers,Mali,183,67
255434,2004-01-23,Julio César Enciso Espínola,J. Enciso,Brighton&HoveAlbion,Paraguay,174,64
247172,2003-12-13,Jhon Jáder Durán Palacio,J. Durán,AstonVilla,Colombia,187,70
261335,2002-10-23,Kaine Kessler Hayden,K. Kesler-Hayden,PlymouthArgyle,England,175,62
237935,2000-11-27,Kristoffer-August Sundquist Klaesson,K. Klaesson,LeedsUnited,Norway,189,76
157804,1985-09-03,Scott Carson,S. Carson,ManchesterCity,England,188,86
247731,2000-10-05,Matthew Gerrard Smith,M. Smith,WiganAthletic,England,176,70
248732,2002-04-13,Karl Jakob Hein,K. Hein,Arsenal,Estonia,193,76
259356,2003-10-20,Carney Chibueze Chukwuemeka,C. Chukwuemeka,Chelsea,England,187,70
260145,2003-10-29,Omari Giraud-Hutchinson,O. Hutchinson,IpswichTown,Jamaica,174,65
252897,2003-07-31,Calvin William Ramsay,C. Ramsay,PrestonNorthEnd,Scotland,177,68
236568,1999-01-08,Brandon Anthony Austin,B. Austin,TottenhamHotspur,England,188,75
244191,2000-06-08,Joseph Tetteh Anang,J. Anang,WestHamUnited,England,190,72
267868,2004-03-12,Sammy Braybrooke,S. Braybrooke,LeicesterCity,England,170,56
255377,2000-09-13,Sylvester Jasper,S. Jasper,Portimonense,Bulgaria,172,71
247764,2001-02-13,Kyle Alex John,K. John,Everton,England,176,68
254588,2002-11-14,Billy Koumetio,B. Koumetio,Dunkerque,France,195,81
263953,2003-01-28,Samuel Edozie,S. Edozie,Southampton,England,181,71
236239,1998-10-02,Alfie Malik Whiteman,A. Whiteman,TottenhamHotspur,England,189,84
260141,2002-12-01,Cătălin Cîrjan,C. Cîrjan,RapidBucuresti,Romania,174,60
243828,2000-03-21,Matthew Ben Longstaff,M. Longstaff,NewcastleUnited,England,171,65
270608,2004-03-01,Yehor Yarmoliuk,Y. Yarmoliuk,Brentford,Ukraine,180,72
270206,2003-10-19,Mateo Joseph Fernández Regatillo,M. Joseph,LeedsUnited,England,185,75
257400,2003-10-06,Yasin Abbas Ayari,Y. Ayari,CoventryCity,Sweden,172,69
262569,2003-03-12,Ryan Trevitt,R. Trevitt,ExeterCity,England,170,65
262637,2003-01-15,Nathan Young-Coombes,N. Young-Coombes,Brentford,England,175,64
118794,1983-10-19,Andrew Lonergan,A. Lonergan,Everton,England,192,87
270208,2006-03-12,Archie Gray,A. Gray,LeedsUnited,England,187,70
270209,2004-02-18,Darko Gyabi,D. Gyabi,LeedsUnited,England,192,80
264561,2003-04-04,James Norris,J. Norris,TranmereRovers,England,178,73
263955,2002-06-14,Ben Knight,B. Knight,ManchesterCity,England,170,59
268445,2003-10-30,Rhys Bennett,R. Bennett,ManchesterUnited,England,187,74
270617,2004-06-25,Alex Murphy,A. Murphy,NewcastleUnited,Republic of Ireland,188,76
245907,2001-07-09,Jamie Bowden,J. Bowden,TottenhamHotspur,Republic of Ireland,183,78
274246,2006-05-01,Lewis Miley,L. Miley,NewcastleUnited,England,189,68
271669,2004-01-12,Juan Larios López,Juan Larios,Southampton,Spain,170,68
274094,2002-12-04,Kamarai Simon-Swyer,K. Swyer,CrawleyTown,England,183,78
267867,2002-10-19,Wanya Marçal Madivádua,Wanya Marçal,LeicesterCity,Portugal,181,72
261032,2002-09-14,Joseph Shaun Hodge,J. Hodge,WolverhamptonWanderers,Republic of Ireland,172,65
270682,2003-12-07,Kristian Šekularac,K. Šekularac,Fulham,Switzerland,185,74
264141,2002-10-26,Odeluga Offiah,O. Offiah,Hearts,England,181,81
260402,2001-12-28,Alex Gilbert,A. Gilbert,Middlesbrough,Republic of Ireland,183,64
262568,2001-11-08,Tristan Crama,T. Crama,BristolRovers,France,192,78
268419,2004-04-13,Marc Jurado Gómez,Marc Jurado,ManchesterUnited,Spain,178,65
271743,2005-05-29,Amario Cozier-Duberry,A. Cozier-Duberry,Arsenal,England,170,60
267849,2003-12-15,Tommi O'Reilly,T. O'Reilly,AstonVilla,Republic of Ireland,170,63
264580,2002-04-04,Daniel Chesters,D. Chesters,WestHamUnited,England,177,68
246392,2000-11-06,Lewis Brunt,L. Brunt,MansfieldTown,England,187,71
256449,2003-03-15,Christian Fernandes Marques,Christian Marques,WolverhamptonWanderers,Portugal,187,75
248185,2001-01-30,Sonny Hilton,S. Hilton,Fulham,England,165,57
265484,2003-11-04,Dexter Lembikisa,D. Lembikisa,RotherhamUnited,Jamaica,177,68
262930,2003-01-03,Daniel Oyegoke,D. Oyegoke,BradfordCity,England,178,73
271173,2004-04-25,Michael Olakigbe,M. Olakigbe,Brentford,England,180,73
271808,2005-01-19,Lino Sousa,L. Sousa,Arsenal,England,185,70
259095,2000-06-16,George Lewis Igaba-Ishimwe Maniraguha,G. Lewis,Arsenal,Norway,170,63
258928,2001-10-11,Viljami Sinisalo,V. Sinisalo,ExeterCity,Finland,196,87
259677,2003-04-17,Alexander Robertson,A. Robertson,Portsmouth,Australia,180,77
272942,2006-01-05,Rory Wilson,R. Wilson,AstonVilla,Scotland,183,75
275266,2005-10-06,Travis Patterson,T. Patterson,AstonVilla,England,179,70
243848,2000-12-01,Brooklyn Lyons-Foster,B. Lyons-Foster,TottenhamHotspur,England,185,74
241435,1999-09-18,Thakgalo Khanya Leshabela,K. Leshabela,LeicesterCity,South Africa,175,72
271530,2005-04-01,Dominic Ballard,D. Ballard,Reading,England,178,74
274102,2005-12-12,Oliver Scarles,O. Scarles,WestHamUnited,England,182,70
246002,2002-10-03,Luke Alexander Matheson,L. Matheson,WolverhamptonWanderers,England,168,62
271216,2003-09-22,Harvey Griffiths,H. Griffiths,Walsall,England,191,78
258792,2001-11-08,George Wickens,G. Wickens,Fulham,England,194,81
273587,2003-09-02,Dominic Sadi,D. Sadi,AFCBournemouth,England,174,65
268632,2003-09-19,Reece Welch,R. Welch,ForestGreenRovers,England,197,88
274348,2006-01-19,Kadan Young,K. Young,AstonVilla,England,176,70
263734,2005-01-28,Diogo Pinheiro Monteiro,Diogo Monteiro,LeedsUnited,Portugal,184,73
264579,2003-09-12,Freddie Potts,F. Potts,WycombeWanderers,England,183,79
271227,2004-10-25,Divin Mubama,D. Mubama,WestHamUnited,England,183,70
268630,2003-09-26,Isaac Price,I. Price,StandardLiège,Northern Ireland,184,70
271192,2004-08-06,Victor Akinwale,V. Akinwale,CrystalPalace,England,185,60
271822,2004-01-14,Jamie Miley,J. Miley,NewcastleUnited,England,175,60
273692,2000-09-19,Kofi Balmer,K. Balmer,PortVale,Northern Ireland,183,80
272369,2003-12-30,Joe Wormleighton,J. Wormleighton,LeicesterCity,England,178,70
273693,2005-05-06,David Ozoh,D. Ozoh,CrystalPalace,England,189,68
274104,2002-09-24,Krisztián Hegyi,K. Hegyi,Stevenage,Hungary,193,85
264411,2004-01-06,Sil Swinkels,S. Swinkels,AstonVilla,Netherlands,190,78
271191,2004-02-29,Joseph Whitworth,J. Whitworth,CrystalPalace,England,183,70
261382,2004-06-17,Jeremiah Chilokoa-Mullen,J. Chilokoa-Mullen,LeedsUnited,Scotland,190,72
267476,2003-11-14,Tayo Adaramola,T. Adaramola,CrystalPalace,Republic of Ireland,177,69
264645,2002-09-15,Cieran Slicker,C. Slicker,IpswichTown,Scotland,191,82
258513,2003-02-15,Amadou Diallo,A. Diallo,NewcastleUnited,England,173,63
266368,2001-10-12,Terry Ablade,T. Ablade,CarlisleUnited,Finland,181,75
271939,2004-03-28,Stefan Parkes,S. Parkes,Fulham,England,182,78
263411,2004-09-29,Jamie Mullins,J. Mullins,Brighton&HoveAlbion,Republic of Ireland,171,60
243588,2000-03-25,Thomas McGill,T. McGill,Brighton&HoveAlbion,Canada,185,80
268550,2005-05-06,Joshua Feeney,J. Feeney,AstonVilla,England,194,78
271411,2004-06-28,Oliwier Zych,O. Zych,PuszczaNiepołomice,Poland,193,86
266544,2004-11-25,Adler Bruno de Nascimento,Adler Nascimento,CrystalPalace,Portugal,183,76
251590,2001-10-15,Lewis Paul Jimmy Richards,L. Richards,BradfordCity,Republic of Ireland,182,72
267871,2005-02-22,Nathan Fraser,N. Fraser,WolverhamptonWanderers,Republic of Ireland,186,76
271940,2003-03-14,Martial Godo,M. Godo,WiganAthletic,England,169,61
264124,2002-09-23,Cameron Peupion,C. Peupion,CheltenhamTown,Australia,170,76
264113,2004-02-18,Jack Wells-Morrison,J. Wells-Morrison,CrystalPalace,England,180,73
271235,2003-10-26,Owen Bevan,O. Bevan,CheltenhamTown,Wales,186,74
260406,2004-10-05,Kaide Gordon,K. Gordon,Liverpool,England,173,65
266815,2005-11-11,Ben Doak,B. Doak,Liverpool,Scotland,176,64
265788,2003-04-27,Zidane Iqbal,Z. Iqbal,FCUtrecht,Iraq,181,65
269136,2005-04-19,Kobbie Mainoo,K. Mainoo,ManchesterUnited,England,175,80
264410,2002-09-02,Hayden Lindley,H. Lindley,AstonVilla,England,182,70
258805,2001-11-14,Harrison Ashby,H. Ashby,SwanseaCity,Scotland,180,75
253729,2002-03-02,Armstrong Echezolachukwu Inya Okoflex,A. Oko-Flex,Zürich,Republic of Ireland,180,73
261640,2003-11-11,Jamal Baptiste,J. Baptiste,WestHamUnited,England,183,75
256488,2003-05-02,Matthew Cox,M. Cox,BristolRovers,England,182,74
261638,2005-03-01,Dylan Reid,D. Reid,CrystalPalace,Scotland,181,68
259766,2003-04-10,Finley Stevens,F. Stevens,OxfordUnited,Wales,179,73
274387,2004-12-16,Reuell Walters,R. Walters,Arsenal,England,183,65
266127,2004-09-08,Lewis Hall,L. Hall,NewcastleUnited,England,179,71
266074,2004-02-10,Sonny Perkins,S. Perkins,OxfordUnited,England,178,72
264180,2004-08-01,Alfie Devine,A. Devine,PortVale,England,180,75
270937,2005-03-04,Luke Harris,L. Harris,Fulham,Wales,168,63
233201,1997-11-05,Christopher James Mepham,C. Mepham,Wales,Wales,190,75
204246,1992-05-24,Marcus Bettinelli,M. Bettinelli,Chelsea,England,193,82
271574,2004-11-21,Rico Lewis,R. Lewis,ManchesterCity,England,169,70
268438,2004-07-01,Alejandro Garnacho Ferreyra,Alejandro Garnacho,ManchesterUnited,Argentina,180,72
271693,2002-11-20,Tawanda Jethro Maswanhise,T. Maswanhise,LeicesterCity,Zimbabwe,175,69
193942,1989-10-24,Jack Colback,J. Colback,QueensParkRangers,England,177,77
246679,2000-03-31,Giulian Biancone,G. Biancone,NottinghamForest,France,187,79
257612,2002-07-30,Sékou Mara,S. Mara,Southampton,France,183,80
259403,2003-07-17,Joel Ideho,J. Ideho,Arsenal,Netherlands,175,70
259097,2003-08-20,Salah-Eddine Oulad M'Hand,S. Oulad M'Hand,Arsenal,Netherlands,177,70
263620,2004-01-06,Roméo Lavia,R. Lavia,Chelsea,Belgium,181,75
184436,1990-03-05,Alex Smithies,A. Smithies,LeicesterCity,England,189,88
261224,2002-09-18,Hugo Bueno López,Hugo Bueno,WolverhamptonWanderers,Spain,180,73
259205,2002-03-29,Naouirou Ahamada,N. Ahamada,CrystalPalace,France,183,73
240697,1998-04-08,Shandon Baptiste,S. Baptiste,Brentford,Grenada,175,67
241236,2000-01-07,Antoine Semenyo,A. Semenyo,AFCBournemouth,Ghana,180,70
259634,1999-11-14,Jordan Bhekithemba Zemura,J. Zemura,Udinese,Zimbabwe,173,75
265552,2002-02-11,Dango Aboubacar Faissal Ouattara,D. Ouattara,AFCBournemouth,Burkina Faso,177,71
194957,1992-02-21,Phil Jones,P. Jones,ManchesterUnited,England,185,71
210972,1994-05-05,Javier Manquillo Gaitán,Manquillo,NewcastleUnited,Spain,178,76
170084,1987-01-24,Wayne Robert Hennessey,W. Hennessey,NottinghamForest,Wales,198,90
225974,1996-11-12,Scott McKenna,S. McKenna,NottinghamForest,Scotland,189,80
243057,2001-04-13,Neco Williams,N. Williams,NottinghamForest,Wales,183,72
189324,1989-12-03,Alex McCarthy,A. McCarthy,Southampton,England,193,79
225782,1997-08-29,Ainsley Maitland-Niles,A. Maitland-Niles,OlympiqueLyonnais,England,177,71
237560,1998-06-15,Moussa Djenepo,M. Djenepo,StandardLiège,Mali,177,65
229901,1998-10-22,Harry James Souttar,H. Souttar,LeicesterCity,Australia,198,79
254470,2001-06-10,Luke Thomas,L. Thomas,SheffieldUnited,England,177,68
259762,2002-12-16,Victor Bernth Kristiansen,V. Kristiansen,Bologna,Denmark,181,77
258607,1999-01-16,Tote António Gomes,Toti Gomes,WolverhamptonWanderers,Portugal,187,72
192622,1992-01-01,Shane Patrick Michael Duffy,S. Duffy,NorwichCity,Republic of Ireland,193,76
198261,1987-10-05,Timothy Michael Ream,T. Ream,Fulham,United States,185,80
244176,1996-07-19,Deniz Undav,D. Undav,VfBStuttgart,Germany,179,86
224258,1998-04-17,Kristoffer Vassbakk Ajer,K. Ajer,Norway,Norway,196,94
241508,2000-07-03,Mikkel Krogh Damsgaard,M. Damsgaard,Denmark,Denmark,180,71
225539,1997-09-14,Dominic Solanke,D. Solanke,AFCBournemouth,England,187,80
248808,2002-06-10,Aaron Buchanan Hickey,A. Hickey,Scotland,Scotland,185,72
231448,1999-12-10,Reiss Nelson,R. Nelson,Arsenal,England,175,71
230672,1997-02-01,Lyanco Evangelista Silveira Neves Vojnović,Lyanco,Southampton,Brazil,187,83
205989,1995-01-20,Calum Chambers,C. Chambers,AstonVilla,England,182,77
239452,1999-03-08,Ibrahima Diallo,I. Diallo,Southampton,France,179,68
230005,1998-06-30,Tom Davies,T. Davies,SheffieldUnited,England,180,70
211784,1996-08-14,Neal Maupay,N. Maupay,Brentford,France,173,69
186156,1991-08-25,Luke Ayling,L. Ayling,LeedsUnited,England,185,72
189456,1991-08-30,Liam Cooper,L. Cooper,LeedsUnited,Scotland,187,73
203570,1991-04-19,Stuart Dallas,S. Dallas,LeedsUnited,Northern Ireland,180,79
202940,1992-03-10,Neeskens Kebano,N. Kebano,Fulham,Congo DR,170,65
258906,2003-11-05,Degnand Wilfried Gnonto,W. Gnonto,LeedsUnited,Italy,169,71
256725,2002-08-30,Fábio Leandro Carvalho,Fábio Carvalho,RBLeipzig,Portugal,170,66
248484,2001-04-30,Nathan Michael Collins,N. Collins,RepublicofIreland,Republic of Ireland,193,81
273463,2001-02-12,João Victor Gomes da Silva,João Gomes,WolverhamptonWanderers,Brazil,176,74
216266,1995-10-09,Kenny Joelle Tete,K. Tete,Fulham,Netherlands,180,71
222104,1997-09-24,Oluwatosin Adarabioyo,T. Adarabioyo,Fulham,England,196,80
229348,1997-08-08,Antonee Robinson,A. Robinson,Fulham,United States,182,70
200759,1992-12-23,Jeffrey Schlupp,J. Schlupp,CrystalPalace,Ghana,178,72
194932,1991-07-16,Andros Townsend,A. Townsend,Everton,England,175,73
240947,1999-09-01,Tyrick Mitchell,T. Mitchell,CrystalPalace,England,175,66
180819,1988-05-10,Adam David Lallana,A. Lallana,Brighton&HoveAlbion,England,178,73
212151,1995-03-19,Thomas Strakosha,T. Strakosha,Brentford,Albania,193,78
229723,1996-01-01,Mathias Jensen,M. Jensen,Denmark,Denmark,180,68
195668,1990-06-17,Joel Robles Blázquez,Joel Robles,LeedsUnited,Spain,195,90
234824,1996-09-03,Yoane Wissa,Y. Wissa,Brentford,Congo DR,176,74
243014,1999-08-07,Bryan Mbeumo,B. Mbeumo,Brentford,Cameroon,171,75
213991,1994-10-25,Jefferson Andrés Lerma Solís,J. Lerma,CrystalPalace,Colombia,179,70
220714,1996-06-11,Philip Billing,P. Billing,Denmark,Denmark,197,80
236506,1997-05-10,Marcos Nicolás Senesi Barón,M. Senesi,AFCBournemouth,Argentina,183,78
236988,1999-05-30,Edward Nketiah,E. Nketiah,Arsenal,England,180,73
247641,2000-02-15,Mateus Cardoso Lemos Martins,Tetê,Galatasaray,Brazil,175,70
236499,1998-05-09,Douglas Luiz Soares de Paulo,Douglas Luiz,AstonVilla,Brazil,175,66
221697,1995-12-30,Ollie Watkins,O. Watkins,AstonVilla,England,180,70
238216,2000-02-06,Conor Gallagher,C. Gallagher,Chelsea,England,182,74
242578,2001-03-26,Benoît Badiashile Mukinayi,B. Badiashile,Chelsea,France,194,75
193474,1989-09-26,Idrissa Gana Gueye,I. Gueye,Everton,Senegal,174,66
202048,1993-02-25,Conor Coady,C. Coady,LeicesterCity,England,186,80
232999,1999-02-14,Tyler Shaan Adams,T. Adams,UnitedStates,United States,175,72
233500,1999-06-17,Luis Fernando Sinisterra Lucumí,L. Sinisterra,AFCBournemouth,Colombia,172,60
223689,1992-08-07,Wout Weghorst,W. Weghorst,TSGHoffenheim,Netherlands,197,84
138412,1986-01-04,James Philip Milner,J. Milner,Brighton&HoveAlbion,England,175,70
230658,1996-08-12,Arthur Henrique Ramos de Oliveira Melo,Arthur,Fiorentina,Brazil,171,73
198032,1992-05-09,Dan Burn,D. Burn,NewcastleUnited,England,198,87
237161,1997-10-30,Sean Longstaff,S. Longstaff,NewcastleUnited,England,180,65
237329,1999-08-20,Joseph Willock,J. Willock,NewcastleUnited,England,186,71
197853,1992-12-24,Serge Alain Stéphane Aurier,S. Aurier,NottinghamForest,Côte d'Ivoire,174,74
236987,1999-11-23,Boubacar Bernard Kamara,B. Kamara,AstonVilla,France,184,68
184432,1989-08-28,César Azpilicueta Tanco,Azpilicueta,AtléticoMadrid,Spain,178,77
227796,1998-09-18,Christian Pulisic,C. Pulisic,Milan,United States,177,69
229261,1996-11-20,Denis Lemi Zakaria Lako Lado,D. Zakaria,Monaco,Switzerland,190,81
239231,1998-07-22,Marc Cucurella Saseta,Cucurella,Chelsea,Spain,173,66
183711,1990-06-17,Jordan Henderson,J. Henderson,England,England,187,80
198329,1991-03-06,Rodrigo Moreno Machado,Rodrigo,Spain,Spain,182,77
208920,1995-02-18,Nathan Aké,N. Aké,ManchesterCity,Netherlands,180,75
224081,1995-12-02,Kalvin Phillips,K. Phillips,ManchesterCity,England,178,72
203263,1993-03-05,Harry Maguire,H. Maguire,ManchesterUnited,England,193,100
209297,1993-03-05,Frederico Rodrigues de Paula Santos,Fred,Fenerbahçe,Brazil,169,62
211300,1995-12-05,Anthony Martial,A. Martial,ManchesterUnited,France,184,76
234574,1999-03-18,José Diogo Dalot Teixeira,Diogo Dalot,ManchesterUnited,Portugal,184,76
230977,1994-02-10,Miguel Ángel Almirón Rejala,M. Almirón,NewcastleUnited,Paraguay,174,70
223334,1996-08-14,Joelinton Cassio Apolinário de Lira,Joelinton,NewcastleUnited,Brazil,186,81
181458,1989-02-02,Ivan Perišić,I. Perišić,TottenhamHotspur,Croatia,186,80
224371,1996-12-20,Jarrod Bowen,J. Bowen,WestHamUnited,England,175,70
234378,1999-01-14,Declan Rice,D. Rice,Arsenal,England,185,80
220697,1996-11-23,James Maddison,J. Maddison,TottenhamHotspur,England,175,73
233934,1998-05-14,Aaron Ramsdale,A. Ramsdale,Arsenal,England,191,77
243715,2001-03-24,William Alain André Gabriel Saliba,W. Saliba,Arsenal,France,193,85
234642,1992-03-01,Édouard Mendy,É. Mendy,AlAhliJeddah,Senegal,197,86
235790,1999-06-11,Kai Lukas Havertz,K. Havertz,Arsenal,Germany,190,82
242444,1999-11-10,João Félix Sequeira,João Félix,FCBarcelona,Portugal,181,72
201942,1991-10-02,Roberto Firmino Barbosa de Oliveira,Roberto Firmino,AlAhliJeddah,Brazil,181,76
242516,1999-05-07,Cody Mathès Gakpo,C. Gakpo,Liverpool,Netherlands,189,76
203574,1994-05-28,John Stones,J. Stones,ManchesterCity,England,188,76
190460,1992-02-14,Christian Dannemann Eriksen,C. Eriksen,ManchesterUnited,Denmark,181,76
239301,1998-01-18,Lisandro Martínez,L. Martínez,ManchesterUnited,Argentina,178,77
203841,1992-04-19,Nick Pope,N. Pope,NewcastleUnited,England,199,76
251809,2000-01-12,Sven Botman,S. Botman,NewcastleUnited,Netherlands,193,81
232488,1998-04-27,Cristian Gabriel Romero,C. Romero,TottenhamHotspur,Argentina,185,79
216393,1997-05-07,Youri Tielemans,Y. Tielemans,AstonVilla,Belgium,176,72
