birthday,height,nationality,player_fifaId,player_full_name,player_name,team,weight
1991-06-28,181,Belgium,192985,Kevin De Bruyne,K. De Bruyne,ManchesterCity,75
1996-09-17,192,Croatia,225263,Duje Ćaleta-Car,D. Ćaleta-Car,OlympiqueLyonnais,89
1992-12-29,179,Croatia,221174,Mislav Oršić,M. Oršić,Trabzonspor,69
1993-04-24,181,Wales,205923,Benjamin Thomas Davies,B. Davies,TottenhamHotspur,76
2000-09-16,175,England,241042,Oliver Skipp,O. Skipp,TottenhamHotspur,70
1999-01-14,181,Brazil,247204,Emerson Aparecido Leite de Souza Junior,Emerson Royal,TottenhamHotspur,79
1993-02-15,167,Argentina,188988,Manuel Lanzini,M. Lanzini,RiverPlate,59
1989-12-15,175,England,189615,Aaron Cresswell,A. Cresswell,WestHamUnited,66
1994-08-03,176,Italy,210736,Emerson Palmieri dos Santos,Emerson,WestHamUnited,79
1996-02-22,178,Spain,226456,Pablo Fornals Malla,Pablo Fornals,WestHamUnited,67
1988-01-03,188,Northern Ireland,169588,Jonathan Grant Evans,J. Evans,ManchesterUnited,77
1995-12-05,185,Belgium,222501,Timothy Castagne,T. Castagne,Fulham,80
1996-10-03,185,Nigeria,225719,Kelechi Promise Iheanacho,K. Iheanacho,LeicesterCity,82
1996-05-23,185,Turkey,232119,Çağlar Söyüncü,Ç. Söyüncü,AtléticoMadrid,82
1998-09-06,180,England,237386,Kiernan Dewsbury-Hall,K. Dewsbury-Hall,LeicesterCity,70
2000-07-21,195,Norway,239085,Erling Braut Haaland,E. Haaland,ManchesterCity,94
1992-06-15,175,Egypt,209331,Mohamed Salah Ghaly,M. Salah,Liverpool,71
1992-10-02,193,Brazil,212831,Alisson Ramsés Becker,Alisson,Liverpool,91
1992-08-13,174,Brazil,200949,Lucas Rodrigues Moura da Silva,Lucas Moura,TottenhamHotspur,72
1992-02-23,185,Brazil,200145,Carlos Henrique Venancio Casimiro,Casemiro,ManchesterUnited,84
1993-07-28,188,England,202126,Harry Kane,H. Kane,FCBayernMünchen,85
1991-07-08,193,Netherlands,203376,Virgil van Dijk,V. van Dijk,Liverpool,92
1993-08-17,188,Brazil,210257,Ederson Santana de Moraes,Ederson,ManchesterCity,86
1997-05-14,187,Portugal,239818,Rúben dos Santos Gato Alves Dias,Rúben Dias,ManchesterCity,82
1992-07-08,183,Korea Republic,200104,손흥민 孙兴慜,H. Son,TottenhamHotspur,78
1991-03-29,168,France,215914,N'Golo Kanté,N. Kanté,AlIttihad,70
1996-06-22,191,Spain,231866,Rodrigo Hernández Cascante,Rodri,ManchesterCity,82
1994-08-10,173,Portugal,218667,Bernardo Mota Veiga de Carvalho e Silva,Bernardo Silva,ManchesterCity,64
1994-09-08,179,Portugal,212198,Bruno Miguel Borges Fernandes,Bruno Fernandes,ManchesterUnited,69
1998-12-17,178,Norway,222665,Martin Ødegaard,M. Ødegaard,Arsenal,68
1994-03-11,178,Scotland,216267,Andrew Robertson,A. Robertson,Liverpool,64
1986-12-15,185,Costa Rica,193041,Keylor Navas Gamboa,K. Navas,ParisSaintGermain,80
1994-05-27,191,Spain,212218,Aymeric Laporte,A. Laporte,Spain,85
1993-06-13,185,Ghana,209989,Thomas Partey,T. Partey,Arsenal,77
2001-09-05,178,England,246669,Bukayo Saka,B. Saka,Arsenal,65
1992-09-02,195,Argentina,202811,Damián Emiliano Martínez,E. Martínez,AstonVilla,88
1984-09-22,183,Brazil,164240,Thiago Emiliano da Silva,Thiago Silva,Chelsea,79
1994-12-08,170,England,202652,Raheem Sterling,R. Sterling,Chelsea,69
1991-04-11,174,Spain,189509,Thiago Alcântara do Nascimento,Thiago,Liverpool,70
1993-10-23,188,Brazil,209499,Fábio Henrique Tavares,Fabinho,AlIttihad,78
1998-10-07,180,England,231281,Trent Alexander-Arnold,T. Alexander-Arnold,Liverpool,69
1990-10-24,180,Germany,186942,İlkay Gündoğan,İ. Gündoğan,FCBarcelona,80
1991-02-21,179,Algeria,204485,Riyad Mahrez,R. Mahrez,AlAhliJeddah,67
1997-10-31,186,England,231677,Marcus Rashford,M. Rashford,ManchesterUnited,70
1990-11-07,192,Spain,193080,David De Gea Quintana,De Gea,ManchesterUnited,76
1993-04-25,191,France,201535,Raphaël Varane,R. Varane,ManchesterUnited,81
1991-12-20,178,Italy,205498,Luiz Frello Filho Jorge,Jorginho,Arsenal,68
1997-04-03,175,Brazil,230666,Gabriel Fernando de Jesus,Gabriel Jesus,Arsenal,73
1991-06-20,186,Senegal,201024,Kalidou Koulibaly,K. Koulibaly,AlHilal,93
1999-12-08,178,England,238074,Reece James,R. James,Chelsea,87
1996-12-04,178,Portugal,224458,Diogo José Teixeira da Silva,Diogo Jota,Liverpool,68
1997-01-13,180,Colombia,241084,Luis Fernando Díaz Marulanda,L. Díaz,Liverpool,73
1990-05-28,183,England,188377,Kyle Walker,K. Walker,ManchesterCity,83
1995-09-10,180,England,206517,Jack Grealish,J. Grealish,ManchesterCity,81
2000-05-28,171,England,237692,Philip Foden,P. Foden,ManchesterCity,69
1997-11-16,182,Brazil,247851,Bruno Guimarães Rodriguez Moura,Bruno Guimarães,NewcastleUnited,74
1990-09-19,173,England,186345,Kieran Trippier,K. Trippier,NewcastleUnited,71
1986-12-26,188,France,167948,Hugo Lloris,H. Lloris,TottenhamHotspur,82
1995-08-05,187,Denmark,213648,Pierre-Emile Kordt Højbjerg,P. Højbjerg,TottenhamHotspur,84
1997-03-13,183,Portugal,224293,Rúben Diogo da Silva Neves,Rúben Neves,AlHilal,83
1992-09-27,185,Switzerland,199503,Granit Xhaka,G. Xhaka,Bayer04Leverkusen,82
1997-12-19,190,Brazil,232580,Gabriel dos Santos Magalhães,Gabriel,Arsenal,87
2001-06-18,178,Brazil,251566,Gabriel Teodoro Martinelli Silva,Gabriel Martinelli,Arsenal,75
1993-03-15,186,Brazil,219693,Diego Carlos Santos Silva,Diego Carlos,AstonVilla,79
1994-05-06,177,Croatia,207410,Mateo Kovačić,M. Kovačić,ManchesterCity,80
1994-03-07,185,England,204935,Jordan Pickford,J. Pickford,Everton,77
1999-06-24,187,Uruguay,253072,Darwin Gabriel Núñez Ribeiro,D. Núñez,Liverpool,80
1995-07-19,187,Switzerland,229237,Manuel Obafemi Akanji,M. Akanji,ManchesterCity,91
1995-07-12,181,England,205988,Luke Shaw,L. Shaw,ManchesterUnited,75
2000-03-25,180,England,233049,Jadon Sancho,J. Sancho,ManchesterUnited,76
1997-06-25,187,Uruguay,227535,Rodrigo Bentancur Colmán,R. Bentancur,TottenhamHotspur,73
1997-01-31,178,Netherlands,236276,Arnaut Danjuma Adam Groeneveld,A. Danjuma,Everton,74
1999-09-13,173,Spain,243576,Pedro Antonio Porro Sauceda,Pedro Porro,TottenhamHotspur,69
1995-07-09,190,Portugal,229391,João Maria Lobo Alves Palhinha Gonçalves,Palhinha,Fulham,85
1992-11-10,180,Côte d'Ivoire,198717,Wilfried Zaha,W. Zaha,Galatasaray,66
1989-06-18,187,Gabon,188567,Pierre-Emerick Emiliano François Aubameyang,P. Aubameyang,OlympiquedeMarseille,80
1994-10-03,189,Spain,206585,Kepa Arrizabalaga Revuelta,Kepa,RealMadrid,85
1993-03-19,181,Morocco,208670,Hakim Ziyech,H. Ziyech,Galatasaray,65
1996-12-21,180,England,229984,Ben Chilwell,B. Chilwell,Chelsea,77
1999-01-10,181,England,233064,Mason Mount,M. Mount,ManchesterUnited,74
2001-01-17,178,Argentina,247090,Enzo Jeremías Fernández,E. Fernández,Chelsea,76
1991-08-08,194,Cameroon,197061,Joël Andre Job Matip,J. Matip,Liverpool,90
1999-05-25,194,France,237678,Ibrahima Konaté,I. Konaté,Liverpool,95
1994-03-17,178,Austria,204923,Marcel Sabitzer,M. Sabitzer,BorussiaDortmund,76
2000-02-24,172,Brazil,255475,Antony Matheus dos Santos,Antony,ManchesterUnited,63
1992-02-27,180,England,196978,Callum Wilson,C. Wilson,NewcastleUnited,66
1991-12-20,188,Switzerland,210047,Fabian Lukas Schär,F. Schär,NewcastleUnited,84
1997-03-12,173,France,216388,Allan Saint-Maximin,A. Saint-Maximin,AlAhliJeddah,67
1999-09-21,192,Sweden,233731,Alexander Isak,A. Isak,NewcastleUnited,77
1994-11-01,173,England,205569,James Ward-Prowse,J. Ward-Prowse,WestHamUnited,66
1997-05-10,184,Brazil,231943,Richarlison de Andrade,Richarlison,TottenhamHotspur,71
2000-04-25,186,Sweden,247394,Dejan Kulusevski,D. Kulusevski,TottenhamHotspur,75
1997-08-27,180,Brazil,233927,Lucas Tolentino Coelho de Lima,Lucas Paquetá,WestHamUnited,72
1996-12-16,183,Nigeria,226790,Onyinye Wilfred Ndidi,W. Ndidi,LeicesterCity,74
1997-06-05,180,Scotland,226491,Kieran Tierney,K. Tierney,RealSociedad,73
1994-12-04,171,Belgium,207421,Leandro Trossard,L. Trossard,Arsenal,67
1996-12-15,175,Ukraine,227813,Oleksandr Zinchenko,O. Zinchenko,Arsenal,64
1997-10-08,185,England,231936,Benjamin White,B. White,Arsenal,77
1993-07-20,178,France,200458,Lucas Digne,L. Digne,AstonVilla,74
1993-06-08,179,Spain,217036,Alexandre Moreno Lopera,Álex Moreno,AstonVilla,68
1996-12-25,172,Argentina,226162,Emiliano Buendía,E. Buendía,AstonVilla,72
1997-08-09,178,Jamaica,229906,Leon Bailey Butler,L. Bailey,AstonVilla,77
1996-03-30,190,Morocco,244749,Nayef Aguerd,N. Aguerd,WestHamUnited,76
1987-01-11,179,England,208830,Jamie Vardy,J. Vardy,LeicesterCity,74
1993-10-06,175,Portugal,210243,Ricardo Domingos Barbosa Pereira,Ricardo Pereira,LeicesterCity,70
1997-12-09,185,England,234742,Harvey Lewis Barnes,H. Barnes,NewcastleUnited,72
1993-01-17,192,Portugal,212442,José Pedro Malheiro de Sá,José Sá,WolverhamptonWanderers,84
1992-03-04,189,Germany,192563,Bernd Leno,B. Leno,Fulham,83
1991-11-21,192,England,199915,Lewis Dunk,L. Dunk,Brighton&HoveAlbion,88
1998-12-24,176,Argentina,239837,Alexis Mac Allister,A. Mac Allister,Liverpool,72
1995-09-15,183,Spain,220901,David Raya Martin,David Raya,Arsenal,75
2000-07-28,182,England,240273,Emile Smith Rowe,E. Smith Rowe,Arsenal,72
1993-03-13,196,England,212419,Tyrone Mings,T. Mings,AstonVilla,77
1992-06-12,172,Brazil,189242,Philippe Coutinho Correia,Coutinho,AstonVilla,68
1997-08-07,185,Poland,227174,Matty Cash,M. Cash,AstonVilla,74
1997-10-23,183,England,227678,Ezri Konsa Ngoyo,E. Konsa,AstonVilla,77
2000-12-17,190,France,248695,Wesley Fofana,W. Fofana,Chelsea,76
1992-11-19,188,England,202695,James Tarkowski,J. Tarkowski,Everton,81
1995-02-10,172,Guinea,220971,Naby Keïta,N. Keïta,WerderBremen,64
1997-05-23,188,England,225100,Joe Gomez,J. Gomez,Liverpool,77
1992-11-06,185,Germany,200159,Stefan Ortega Moreno,S. Ortega,ManchesterCity,88
2000-01-31,170,Argentina,246191,Julián Álvarez,J. Álvarez,ManchesterCity,71
1994-07-17,187,Sweden,221660,Victor Jörgen Nilsson Lindelöf,V. Lindelöf,ManchesterUnited,80
1997-11-26,183,England,229880,Aaron Wan-Bissaka,A. Wan-Bissaka,ManchesterUnited,72
1996-12-08,193,Scotland,237238,Scott McTominay,S. McTominay,ManchesterUnited,88
1999-08-17,169,Netherlands,238041,Tyrell Malacia,T. Malacia,ManchesterUnited,67
1989-01-15,190,Slovakia,220407,Martin Dúbravka,M. Dúbravka,NewcastleUnited,80
1992-04-15,181,Switzerland,202024,Remo Marco Freuler,R. Freuler,Bologna,80
1989-05-16,190,Brazil,207863,Felipe Augusto de Almeida Monteiro,Felipe,NottinghamForest,84
1997-03-12,188,England,233306,Dean Henderson,D. Henderson,CrystalPalace,85
1998-04-08,173,Brazil,251573,Renan Augusto Lodi dos Santos,Renan Lodi,OlympiquedeMarseille,68
1996-08-30,182,Mali,236480,Yves Bissouma,Y. Bissouma,TottenhamHotspur,80
1985-04-18,190,Poland,164835,Łukasz Fabiański,Ł. Fabiański,WestHamUnited,83
1993-02-27,195,France,193105,Alphonse Areola,A. Areola,WestHamUnited,94
1994-10-27,190,France,204311,Kurt Happy Zouma,K. Zouma,WestHamUnited,95
1999-05-27,183,Brazil,240243,Matheus Santos Carneiro Da Cunha,Matheus Cunha,WolverhamptonWanderers,76
1995-02-27,192,Czech Republic,236792,Tomáš Souček,T. Souček,WestHamUnited,86
1992-05-11,174,Spain,198950,Pablo Sarabia García,Pablo Sarabia,WolverhamptonWanderers,70
1998-08-27,183,Portugal,253124,Matheus Luiz Nunes,Matheus Nunes,ManchesterCity,76
1994-09-16,189,Serbia,215716,Aleksandar Mitrović,A. Mitrović,AlHilal,90
1994-07-20,180,England,206594,Solomon March,S. March,Brighton&HoveAlbion,77
1997-11-18,197,Spain,228789,Robert Lynch Sánchez,Robert Sánchez,Chelsea,85
1997-05-20,178,Japan,255565,三笘 薫,K. Mitoma,Brighton&HoveAlbion,71
1998-01-21,175,Ecuador,237942,Pervis Josué Estupiñán Tenorio,P. Estupiñán,Brighton&HoveAlbion,78
1989-07-19,190,Brazil,194404,Norberto Murara Neto,Neto,AFCBournemouth,84
1998-11-05,188,Japan,232938,冨安 健洋,T. Tomiyasu,Arsenal,84
1994-10-18,178,Scotland,210881,John McGinn,J. McGinn,AstonVilla,68
1996-03-08,190,Senegal,225859,Moussa Niakhaté,M. Niakhaté,NottinghamForest,85
1997-04-13,173,England,227927,Kyle Walker-Peters,K. Walker-Peters,Southampton,62
1994-01-15,188,England,202335,Eric Dier,E. Dier,TottenhamHotspur,90
1995-06-17,186,France,220440,Clément Nicolas Laurent Lenglet,C. Lenglet,AstonVilla,81
1990-03-28,180,Jamaica,190717,Michail Antonio,M. Antonio,WestHamUnited,82
1996-06-12,187,Colombia,220793,Davinson Sánchez Mina,D. Sánchez,Galatasaray,81
1992-07-23,178,England,195859,Daniel William John Ings,D. Ings,WestHamUnited,73
1995-08-10,172,Algeria,220621,Mohamed Saïd Benrahma,S. Benrahma,WestHamUnited,67
1999-01-01,195,Italy,226710,Gianluca Scamacca,G. Scamacca,Atalanta,85
1992-08-22,175,Czech Republic,244470,Vladimír Coufal,V. Coufal,WestHamUnited,76
1998-04-03,187,Belgium,235036,Wout Felix Lina Faes,W. Faes,LeicesterCity,82
1990-05-06,188,England,194806,Craig Dawson,C. Dawson,WolverhamptonWanderers,77
1991-05-05,188,Mexico,204838,Raúl Alonso Jiménez Rodríguez,R. Jiménez,Fulham,81
1993-11-16,177,Portugal,227928,Nélson Cabral Semedo,Nélson Semedo,WolverhamptonWanderers,69
1997-01-09,194,France,231633,Issa Diop,I. Diop,Fulham,92
1987-01-10,190,Spain,189690,Vicente Guaita Panadero,Guaita,CeltadeVigo,80
1996-05-31,192,Denmark,224221,Joachim Andersen,J. Andersen,Denmark,90
1998-06-29,178,England,235794,Eberechi Eze,E. Eze,CrystalPalace,67
2000-07-13,182,England,241159,Addji Keaninkin Marc-Israel Guéhi,M. Guéhi,England,82
2000-01-08,180,Mali,242619,Cheick Oumar Doucouré,C. Doucouré,CrystalPalace,73
2001-12-12,189,France,247827,Michael Olise,M. Olise,CrystalPalace,73
1991-06-15,181,Germany,190765,Pascal Groß,P. Groß,Brighton&HoveAlbion,78
1995-01-04,191,England,207616,Adam Webster,A. Webster,Brighton&HoveAlbion,75
1992-01-15,184,Netherlands,208004,Joël Ivo Veltman,J. Veltman,Brighton&HoveAlbion,75
2001-11-02,178,Ecuador,256079,Moisés Isaac Caicedo Corozo,M. Caicedo,Chelsea,71
1989-09-21,180,England,189682,Ben Mee,B. Mee,Brentford,82
1993-05-29,194,Jamaica,238717,Ethan Rupert Pinnock,E. Pinnock,Brentford,79
1995-09-20,189,England,228295,Rob Holding,R. Holding,CrystalPalace,75
1994-06-24,190,United States,233267,Matthew Charles Turner,M. Turner,NottinghamForest,79
2000-05-30,176,Portugal,256958,Fábio Daniel Ferreira Vieira,Fábio Vieira,Arsenal,61
1996-01-23,191,England,213666,Ruben Loftus-Cheek,R. Loftus-Cheek,Milan,88
2002-03-10,182,England,254796,Chukwunonso Tristan Madueke,N. Madueke,Chelsea,73
1993-01-11,191,England,207599,Michael Keane,M. Keane,Everton,82
1993-01-01,184,Mali,208135,Abdoulaye Doucouré,A. Doucouré,Everton,76
1997-03-16,187,England,221479,Dominic Calvert-Lewin,D. Calvert-Lewin,Everton,71
1996-06-28,183,Jamaica,220633,Demarai Gray,D. Gray,AlEttifaq,75
1998-08-28,185,United States,238744,Weston James Earl McKennie,W. McKennie,Juventus,90
1993-08-15,175,England,198784,Alex Oxlade-Chamberlain,A. Oxlade-Chamberlain,Beşiktaş,70
1996-05-12,179,Greece,232223,Konstantinos Tsimikas,K. Tsimikas,Liverpool,70
2001-01-30,185,England,242434,Curtis Jones,C. Jones,Liverpool,74
2003-04-04,168,England,246174,Harvey Elliott,H. Elliott,Liverpool,67
1997-04-18,184,Netherlands,221363,Donny van de Beek,D. van de Beek,ManchesterUnited,74
1991-02-03,195,Côte d'Ivoire,202750,Willy-Arnaud Zobo Boly,W. Boly,NottinghamForest,97
1994-05-28,201,Nigeria,212382,Paul Ebere Onuachu,P. Onuachu,Trabzonspor,98
1986-09-08,170,Portugal,162347,João Filipe Iria Santos Moutinho,João Moutinho,SportingBraga,61
1993-09-01,184,Gabon,212811,Mario René Junior Lemina,M. Lemina,WolverhamptonWanderers,85
1996-01-25,178,Spain,213956,Adama Traoré Diarra,Adama Traoré,Fulham,86
2000-03-09,172,Portugal,238616,Pedro Lomba Neto,Pedro Neto,WolverhamptonWanderers,62
1997-07-07,200,Austria,239901,Saša Kalajdžić,S. Kalajdžić,WolverhamptonWanderers,90
1988-08-09,175,Brazil,180403,Willian Borges da Silva,Willian,Fulham,77
1996-01-01,177,Brazil,208450,Andreas Hugo Hoelgebaum Pereira,Andreas Pereira,Fulham,70
1996-08-13,183,Serbia,236699,Saša Lukić,S. Lukić,Fulham,77
1999-07-24,170,Israel,246791,Manor Solomon,M. Solomon,TottenhamHotspur,67
1994-03-10,187,Denmark,210697,Christian Thers Nørgaard,C. Nørgaard,Denmark,77
1997-07-08,170,England,224494,Rico Henry,R. Henry,Brentford,66
2000-02-16,177,Côte d'Ivoire,240787,Hamed Junior Traorè,H. Traorè,AFCBournemouth,77
1992-07-11,179,Egypt,211454,Mohamed Naser Elsayed Elneny,M. Elneny,Arsenal,72
1985-07-09,175,England,152908,Ashley Young,A. Young,Everton,65
1995-09-06,181,Burkina Faso,207948,Bertrand Isidore Traoré,B. Traoré,AstonVilla,73
2001-05-21,180,England,246923,Jacob Ramsey,J. Ramsey,AstonVilla,72
1999-07-05,191,England,230918,Trevoh Chalobah,T. Chalobah,Chelsea,84
1996-05-03,185,Nigeria,213655,Alex Iwobi,A. Iwobi,Fulham,75
1994-09-23,195,Colombia,220523,Yerry Fernando Mina González,Y. Mina,Fiorentina,94
1995-10-21,165,Portugal,226766,Daniel Castelo Podence,Daniel Podence,WolverhamptonWanderers,58
1999-11-22,183,England,243282,Dwight McNeil,D. McNeil,Everton,70
1996-11-20,175,England,232080,Jack Harrison,J. Harrison,Everton,70
1996-11-26,184,Spain,235945,Marc Roca Junqué,Marc Roca,RealBetis,81
1996-07-17,192,Germany,236532,Robin Koch,R. Koch,EintrachtFrankfurt,85
2000-03-02,196,France,242656,Illan Meslier,I. Meslier,LeedsUnited,74
1995-02-24,179,England,206085,Jacob Murphy,J. Murphy,NewcastleUnited,74
1995-09-18,183,England,218659,Matt Targett,M. Targett,NewcastleUnited,70
1989-12-21,189,Senegal,186801,Cheikhou Kouyaté,C. Kouyaté,NottinghamForest,83
1997-08-12,189,Nigeria,230978,Taiwo Michael Awoniyi,T. Awoniyi,NottinghamForest,85
1998-03-18,178,Belgium,234078,Orel Mangala,O. Mangala,NottinghamForest,80
2000-01-27,178,England,236015,Morgan Anthony Gibbs-White,M. Gibbs-White,NottinghamForest,70
1999-04-17,191,Ghana,244915,Mohamed Salisu Abdul Karim,M. Salisu,Monaco,85
2001-04-29,176,Brazil,273106,Danilo dos Santos de Oliveira,Danilo,NottinghamForest,69
1988-03-17,201,England,172203,Fraser Forster,F. Forster,TottenhamHotspur,93
2000-05-18,178,England,235883,Kouassi Ryan Sessegnon,R. Sessegnon,TottenhamHotspur,70
1988-05-23,191,Italy,183855,Angelo Obinze Ogbonna,A. Ogbonna,WestHamUnited,86
1996-09-27,179,Côte d'Ivoire,215798,Gnaly Maxwel Cornet,M. Cornet,WestHamUnited,69
1996-09-21,186,Germany,226229,Jan Thilo Kehrer,T. Kehrer,WestHamUnited,76
1994-05-14,181,Belgium,199652,Dennis Praet,D. Praet,LeicesterCity,78
1998-02-23,183,England,231554,James Justin,J. Justin,LeicesterCity,80
1999-02-27,188,France,239817,Boubakary Soumaré,B. Soumaré,Sevilla,82
1994-03-03,170,Spain,210455,Jonathan Castro Otto,Jonny,WolverhamptonWanderers,70
1996-01-26,177,Korea Republic,226380,황희찬 黄喜灿,Hwang Hee Chan,WolverhamptonWanderers,77
1997-05-23,194,England,245336,Maximilian Kilman,M. Kilman,WolverhamptonWanderers,89
1990-01-08,198,Sweden,207557,Robin Patrick Olsen,R. Olsen,AstonVilla,89
1995-04-15,188,Belgium,212501,Leander Dendoncker,L. Dendoncker,AstonVilla,88
2001-01-05,175,Ukraine,246340,Mykhailo Mudryk,M. Mudryk,Chelsea,61
2001-09-10,191,Albania,256268,Armando Broja,A. Broja,Chelsea,75
1987-06-20,199,Bosnia and Herzegovina,172723,Asmir Begović,A. Begović,QueensParkRangers,101
1996-10-22,184,England,225024,Mason Holgate,M. Holgate,Southampton,75
1988-10-11,177,Republic of Ireland,180216,Séamus Coleman,S. Coleman,Everton,77
1998-01-15,183,England,225793,Ben Godfrey,B. Godfrey,Everton,79
1999-05-29,180,Ukraine,244380,Vitaliy Mykolenko,V. Mykolenko,Everton,71
2001-08-16,192,Belgium,257057,Amadou Zeund Georges Ba Mvom Onana,A. Onana,Everton,76
1993-09-05,185,England,206534,Patrick Bamford,P. Bamford,LeedsUnited,71
1998-02-04,188,Austria,231838,Maximilian Wöber,M. Wöber,BorussiaMönchengladbach,82
1997-07-11,187,Denmark,233301,Rasmus Nissen Kristensen,R. Kristensen,Roma,70
1999-08-11,190,Netherlands,239360,Pascal Struijk,P. Struijk,LeedsUnited,79
1996-08-22,184,Spain,241184,Héctor Junior Firpo Adamés,Junior Firpo,LeedsUnited,78
1993-11-11,188,England,203487,Jamaal Lascelles,J. Lascelles,NewcastleUnited,83
2000-10-22,177,United States,247361,Brenden Russell Aaronson,B. Aaronson,UnitedStates,66
1991-12-07,191,New Zealand,192123,Christopher Grant Wood,C. Wood,NottinghamForest,92
2001-05-23,179,Wales,251421,Brennan Price Johnson,B. Johnson,TottenhamHotspur,71
1997-11-21,190,England,235642,Ryan Yates,R. Yates,NottinghamForest,77
1997-11-15,175,Nigeria,239015,Emmanuel Bonaventure Dennis,E. Dennis,NottinghamForest,66
1996-04-12,189,Poland,220570,Jan Kacper Bednarek,J. Bednarek,Southampton,77
1996-07-13,178,Scotland,226093,Ché Adams,C. Adams,Southampton,70
1997-09-22,173,France,231318,Romain Perraud,R. Perraud,Nice,68
1993-06-22,191,Wales,207998,Danny Ward,D. Ward,LeicesterCity,88
1994-12-21,186,Ghana,212883,Daniel Amartey,D. Amartey,Beşiktaş,79
1998-10-09,183,Zambia,241202,Patson Daka,P. Daka,LeicesterCity,71
2001-06-06,180,France,242641,Rayan Aït-Nouri,R. Aït-Nouri,WolverhamptonWanderers,70
1993-02-02,170,Jamaica,203502,Bobby De Cordova-Reid,B. De Cordova-Reid,Fulham,68
1992-02-27,184,England,189165,Jonjo Shelvey,J. Shelvey,NottinghamForest,80
1995-01-27,175,England,205990,Harrison Reed,H. Reed,Fulham,72
1992-12-15,175,England,207494,Jesse Lingard,J. Lingard,NottinghamForest,60
1997-03-22,173,Wales,220710,Harry Wilson,H. Wilson,Fulham,70
1996-12-13,194,Slovakia,222951,Marek Rodák,M. Rodák,Fulham,81
1994-01-05,175,Brazil,223211,Gustavo Henrique Furtado Scarpa,Gustavo Scarpa,NottinghamForest,68
1997-11-10,171,Wales,232104,Daniel James,D. James,LeedsUnited,76
1995-03-22,190,Brazil,244621,Carlos Vinícius Alves Morais,Vinícius,Fulham,83
1993-03-25,193,England,206075,Sam Johnstone,S. Johnstone,CrystalPalace,85
1998-01-16,187,France,233866,Odsonne Édouard,O. Edouard,CrystalPalace,83
1997-06-28,192,France,236461,Jean-Philippe Mateta,J. Mateta,CrystalPalace,88
1999-10-22,183,Belgium,241928,Albert-Mboyo Sambi Lokonga,A. Sambi Lokonga,LutonTown,73
1990-11-26,185,England,186146,Daniel Nii Tackie Mensah Welbeck,D. Welbeck,Brighton&HoveAlbion,73
1988-10-07,186,Spain,179844,Diego da Silva Costa,Diego Costa,WolverhamptonWanderers,87
2000-09-30,163,Ghana,242418,Tariq Lamptey,T. Lamptey,Brighton&HoveAlbion,62
2000-09-04,171,Spain,241811,Sergio Gómez Martín,Sergio Gómez,ManchesterCity,68
2001-02-24,183,England,242964,Anthony Gordon,A. Gordon,NewcastleUnited,72
1994-02-24,163,Scotland,207807,Ryan Fraser,R. Fraser,Southampton,70
1989-12-17,176,Ghana,176571,André Morgan Rami Ayew,A. Ayew,Ghana,72
1997-01-10,190,England,230708,Joe Worrall,J. Worrall,NottinghamForest,90
1992-03-30,183,Scotland,202282,Stuart Armstrong,S. Armstrong,Southampton,75
1996-07-21,183,Nigeria,231044,Joseph Oluwaseyi Temitope Ayodele-Aribo,J. Aribo,Southampton,76
1994-08-04,178,Norway,203362,Mohamed Amine Elyounoussi,M. Elyounoussi,København,70
2001-12-11,190,Germany,247497,Armel Bella Kotchap,A. Bella Kotchap,PSV,87
2002-02-15,175,Ghana,256035,Kamaldeen Sulemana,K. Sulemana,Southampton,70
2002-11-12,181,England,262118,Valentino Livramento,T. Livramento,NewcastleUnited,71
1999-03-31,180,England,236600,Japhet Tanganga,J. Tanganga,FCAugsburg,73
2000-01-24,180,England,241842,Benjamin Johnson,B. Johnson,WestHamUnited,69
1992-06-23,167,Senegal,198861,Nampalys Mendy,N. Mendy,Lens,73
1992-08-03,199,Denmark,202849,Jannik Vestergaard,J. Vestergaard,LeicesterCity,96
1997-07-19,193,Denmark,228410,Daniel Lønne Iversen,D. Iversen,LeicesterCity,80
1991-08-31,172,Portugal,201118,Cédric Ricardo Alves Soares,Cédric,Arsenal,67
1991-01-20,186,Scotland,195202,Tom Cairney,T. Cairney,Fulham,84
1992-09-04,182,France,201510,Layvin Kurzawa,L. Kurzawa,ParisSaintGermain,74
1989-10-29,188,England,186392,Joel Ward,J. Ward,CrystalPalace,83
1991-04-05,175,England,190456,Nathaniel Edwin Clyne,N. Clyne,CrystalPalace,67
1991-09-11,182,Ghana,197756,Jordan Pierre Ayew,J. Ayew,CrystalPalace,81
1995-04-17,185,England,206516,Will Hughes,W. Hughes,CrystalPalace,74
1996-09-09,182,Netherlands,221269,Jaïro Riedewald,J. Riedewald,CrystalPalace,79
2000-03-28,188,United States,250954,Christopher Jeffrey Richards,C. Richards,CrystalPalace,87
1998-05-10,184,Germany,235167,Vitaly Janelt,V. Janelt,Brentford,79
1999-04-07,188,Poland,239778,Jakub Piotr Moder,J. Moder,Brighton&HoveAlbion,78
1991-04-29,180,England,190885,Adam Smith,A. Smith,AFCBournemouth,78
1994-01-27,185,England,202697,Jack Stephens,J. Stephens,Southampton,75
1992-10-10,181,England,205346,Ryan Fredericks,R. Fredericks,AFCBournemouth,74
1995-02-12,178,Scotland,213884,Ryan Christie,R. Christie,Scotland,71
1997-07-08,180,Wales,220196,David Robert Brooks,D. Brooks,Wales,62
1997-02-03,175,England,224294,Lewis Cook,L. Cook,AFCBournemouth,71
1997-11-09,181,Uruguay,253290,Matías Nicolás Viña Susperreguy,M. Viña,Sassuolo,70
2000-02-15,189,Poland,265693,Jakub Piotr Kiwior,J. Kiwior,Arsenal,75
1999-04-09,174,Portugal,235172,Rúben Gonçalo Silva Nascimento Vinagre,Rúben Vinagre,HullCity,66
1991-10-08,174,England,193910,Adam Forshaw,A. Forshaw,NorwichCity,71
2002-04-20,182,France,245637,Georginio Rutter,G. Rutter,LeedsUnited,83
2001-10-30,174,Netherlands,251954,Crysencio Summerville,C. Summerville,LeedsUnited,64
1998-11-23,188,Republic of Ireland,240913,Caoimhin Kelleher,C. Kelleher,Liverpool,74
1997-03-21,190,England,240926,Nathaniel Phillips,N. Phillips,Celtic,84
2002-04-27,178,Sweden,257470,Anthony David Junior Elanga,A. Elanga,NottinghamForest,75
1991-09-26,183,Wales,204355,Paul Dummett,P. Dummett,NewcastleUnited,82
1994-08-02,184,Sweden,207650,Emil Henry Kristoffer Krafth,E. Krafth,NewcastleUnited,83
1990-04-23,191,Denmark,183491,Mathias Jattah-Njie Jørgensen,Zanka,Brentford,85
1998-10-23,184,England,231445,Pelenda Joshua Tunga Dasilva,J. Dasilva,Brentford,75
1992-08-08,196,Wales,216627,Kieffer Roberto Francisco Moore,K. Moore,Wales,83
1998-01-01,183,Nigeria,239529,Frank Ogochukwu Onyeka,F. Onyeka,Brentford,70
1996-04-06,180,England,221282,Jack Stacey,J. Stacey,NorwichCity,66
1998-10-06,190,England,231512,Lloyd Kelly,L. Kelly,AFCBournemouth,76
1999-05-18,191,Republic of Ireland,232284,Mark Travers,M. Travers,RepublicofIreland,82
1999-03-22,177,England,237477,Marcus Tavernier,M. Tavernier,AFCBournemouth,70
2002-09-01,186,Ukraine,258781,Illia Zabarnyi,I. Zabarnyi,Ukraine,81
2001-03-13,182,England,243657,James David Garner,J. Garner,Everton,80
1987-01-03,190,Spain,194911,Adrián San Miguel del Castillo,Adrián,Liverpool,80
1986-04-15,188,England,163264,Tom Heaton,T. Heaton,ManchesterUnited,85
2000-09-03,182,England,243414,Brandon Williams,B. Williams,IpswichTown,63
1989-09-10,172,Scotland,186395,Matt Ritchie,M. Ritchie,NewcastleUnited,76
1993-06-22,189,Germany,203775,Loris Karius,L. Karius,NewcastleUnited,87
1991-04-07,186,Serbia,206304,Luka Milivojević,L. Milivojević,CrystalPalace,80
1991-04-19,185,England,193011,Steve Cook,S. Cook,QueensParkRangers,82
1997-02-10,172,England,221841,Adam Armstrong,A. Armstrong,Southampton,69
2002-11-30,176,Argentina,256402,Carlos Jonas Alcaraz,C. Alcaraz,Southampton,70
1989-03-29,192,England,173546,James Tomkins,J. Tomkins,CrystalPalace,74
1993-07-13,188,England,198350,Daniel Bentley,D. Bentley,WolverhamptonWanderers,73
2001-06-11,170,Scotland,245992,Billy Gilmour,B. Gilmour,Scotland,66
2001-02-22,170,England,243606,Keane Lewis-Potter,K. Lewis-Potter,Brentford,67
1987-05-12,188,Republic of Ireland,169697,Darren Randolph,D. Randolph,AFCBournemouth,78
1999-12-01,183,England,243669,Jaidon Anthony,J. Anthony,LeedsUnited,72
2003-01-07,178,Argentina,267991,Máximo Perrone,M. Perrone,LasPalmas,64
1993-03-10,196,England,203042,Jack Butland,J. Butland,Rangers,95
2001-12-20,175,Uruguay,253283,Facundo Pellistri Rebollo,F. Pellistri,ManchesterUnited,65
1998-01-25,178,Northern Ireland,231292,Jamal Lewis,J. Lewis,Watford,70
1995-08-19,183,England,206086,Harry Toffolo,H. Toffolo,NottinghamForest,71
1998-07-28,191,England,234249,Sam Surridge,S. Surridge,NashvilleSC,77
1998-02-15,174,England,235026,Omar Tyrell Crawford Richards,O. Richards,NottinghamForest,70
1997-12-11,178,England,222156,James Bree,J. Bree,Southampton,74
2002-02-20,189,Republic of Ireland,243585,Gavin Okeroghene Bazunu,G. Bazunu,Southampton,78
2002-09-14,184,Senegal,259868,Pape Matar Sarr,P. Sarr,TottenhamHotspur,70
1999-01-20,173,England,240097,Flynn Downes,F. Downes,Southampton,70
2000-06-08,185,Netherlands,258908,Jan Paul van Hecke,J. van Hecke,Brighton&HoveAlbion,78
2003-02-26,187,England,262859,Levi Samuels Colwill,L. Colwill,Chelsea,80
1999-06-24,184,Denmark,238157,Mads Roerslev Rasmussen,M. Roerslev,Brentford,67
1992-09-23,183,England,192317,Jed Steer,J. Steer,AstonVilla,80
2001-11-27,185,Germany,260926,Kevin Schade,K. Schade,Germany,74
1995-01-11,183,England,213693,Joe Rothwell,J. Rothwell,AFCBournemouth,77
2001-10-16,183,Scotland,257896,Nathan Kenneth Patterson,N. Patterson,Everton,80
2002-01-26,180,England,253407,Sam Greenwood,S. Greenwood,Middlesbrough,75
2004-10-22,185,Spain,271975,Stefan Bajcetic Maquieira,Stefan Bajcetic,Liverpool,70
2002-03-08,187,Brazil,272936,Luiz Gustavo Oliveira da Silva ,Luizão,WestHamUnited,80
2000-02-05,179,Portugal,262416,Francisco Jorge Tavares Oliveira,Chiquinho,Famalicão,72
2004-10-19,188,Republic of Ireland,259608,Evan Ferguson,E. Ferguson,RepublicofIreland,75
1990-08-18,188,England,188836,Jason Steele,J. Steele,Brighton&HoveAlbion,79
2002-12-22,181,Côte d'Ivoire,260942,David Datro Fofana,D. Fofana,FCUnionBerlin,82
1989-08-05,179,England,169705,Ryan Bertrand,R. Bertrand,LeicesterCity,85
2001-01-05,191,England,251198,Ellis Simms,E. Simms,CoventryCity,73
2002-11-06,179,Scotland,254243,Elliott Anderson,E. Anderson,NewcastleUnited,70
1993-02-26,185,Portugal,218623,Carlos Miguel Ribeiro Dias,Cafú,RotherhamUnited,82
2004-12-23,174,Argentina,269495,Facundo Valentín Buonanotte,F. Buonanotte,Brighton&HoveAlbion,66
1993-09-06,175,Iran,231949,Saman Ghoddos,S. Ghoddos,Brentford,79
1989-11-26,183,England,189446,Junior Stanislas,J. Stanislas,AFCBournemouth,76
2000-10-06,178,England,242752,Nathan Ferguson,N. Ferguson,CrystalPalace,76
2002-06-16,178,Ecuador,263522,Jeremy Sarmiento,J. Sarmiento,WestBromwichAlbion,73
2004-05-15,193,United States,248158,Gabriel Slonina,G. Slonina,ASEupen,89
2002-05-06,189,England,257534,Cole Palmer,C. Palmer,Chelsea,74
2002-04-30,183,England,253465,Teden Mengi,T. Mengi,LutonTown,78
1992-03-27,192,England,198039,Mark Gillespie,M. Gillespie,NewcastleUnited,83
2002-04-11,172,England,254859,Alex Mighten,A. Mighten,Kortrijk,70
2001-08-20,183,Mali,252975,Boubacar Traoré,B. Traoré,WolverhamptonWanderers,67
2004-01-23,174,Paraguay,255434,Julio César Enciso Espínola,J. Enciso,Brighton&HoveAlbion,64
2003-12-13,187,Colombia,247172,Jhon Jáder Durán Palacio,J. Durán,AstonVilla,70
2002-10-23,175,England,261335,Kaine Kessler Hayden,K. Kesler-Hayden,PlymouthArgyle,62
2000-11-27,189,Norway,237935,Kristoffer-August Sundquist Klaesson,K. Klaesson,LeedsUnited,76
1985-09-03,188,England,157804,Scott Carson,S. Carson,ManchesterCity,86
2000-10-05,176,England,247731,Matthew Gerrard Smith,M. Smith,WiganAthletic,70
2002-04-13,193,Estonia,248732,Karl Jakob Hein,K. Hein,Arsenal,76
2003-10-20,187,England,259356,Carney Chibueze Chukwuemeka,C. Chukwuemeka,Chelsea,70
2003-10-29,174,Jamaica,260145,Omari Giraud-Hutchinson,O. Hutchinson,IpswichTown,65
2003-07-31,177,Scotland,252897,Calvin William Ramsay,C. Ramsay,PrestonNorthEnd,68
1999-01-08,188,England,236568,Brandon Anthony Austin,B. Austin,TottenhamHotspur,75
2000-06-08,190,England,244191,Joseph Tetteh Anang,J. Anang,WestHamUnited,72
2004-03-12,170,England,267868,Sammy Braybrooke,S. Braybrooke,LeicesterCity,56
2000-09-13,172,Bulgaria,255377,Sylvester Jasper,S. Jasper,Portimonense,71
2001-02-13,176,England,247764,Kyle Alex John,K. John,Everton,68
2002-11-14,195,France,254588,Billy Koumetio,B. Koumetio,Dunkerque,81
2003-01-28,181,England,263953,Samuel Edozie,S. Edozie,Southampton,71
1998-10-02,189,England,236239,Alfie Malik Whiteman,A. Whiteman,TottenhamHotspur,84
2002-12-01,174,Romania,260141,Cătălin Cîrjan,C. Cîrjan,RapidBucuresti,60
2000-03-21,171,England,243828,Matthew Ben Longstaff,M. Longstaff,NewcastleUnited,65
2004-03-01,180,Ukraine,270608,Yehor Yarmoliuk,Y. Yarmoliuk,Brentford,72
2003-10-19,185,England,270206,Mateo Joseph Fernández Regatillo,M. Joseph,LeedsUnited,75
2003-10-06,172,Sweden,257400,Yasin Abbas Ayari,Y. Ayari,CoventryCity,69
2003-03-12,170,England,262569,Ryan Trevitt,R. Trevitt,ExeterCity,65
2003-01-15,175,England,262637,Nathan Young-Coombes,N. Young-Coombes,Brentford,64
1983-10-19,192,England,118794,Andrew Lonergan,A. Lonergan,Everton,87
2006-03-12,187,England,270208,Archie Gray,A. Gray,LeedsUnited,70
2004-02-18,192,England,270209,Darko Gyabi,D. Gyabi,LeedsUnited,80
2003-04-04,178,England,264561,James Norris,J. Norris,TranmereRovers,73
2002-06-14,170,England,263955,Ben Knight,B. Knight,ManchesterCity,59
2003-10-30,187,England,268445,Rhys Bennett,R. Bennett,ManchesterUnited,74
2004-06-25,188,Republic of Ireland,270617,Alex Murphy,A. Murphy,NewcastleUnited,76
2001-07-09,183,Republic of Ireland,245907,Jamie Bowden,J. Bowden,TottenhamHotspur,78
2006-05-01,189,England,274246,Lewis Miley,L. Miley,NewcastleUnited,68
2004-01-12,170,Spain,271669,Juan Larios López,Juan Larios,Southampton,68
2002-12-04,183,England,274094,Kamarai Simon-Swyer,K. Swyer,CrawleyTown,78
2002-10-19,181,Portugal,267867,Wanya Marçal Madivádua,Wanya Marçal,LeicesterCity,72
2002-09-14,172,Republic of Ireland,261032,Joseph Shaun Hodge,J. Hodge,WolverhamptonWanderers,65
2003-12-07,185,Switzerland,270682,Kristian Šekularac,K. Šekularac,Fulham,74
2002-10-26,181,England,264141,Odeluga Offiah,O. Offiah,Hearts,81
2001-12-28,183,Republic of Ireland,260402,Alex Gilbert,A. Gilbert,Middlesbrough,64
2001-11-08,192,France,262568,Tristan Crama,T. Crama,BristolRovers,78
2004-04-13,178,Spain,268419,Marc Jurado Gómez,Marc Jurado,ManchesterUnited,65
2005-05-29,170,England,271743,Amario Cozier-Duberry,A. Cozier-Duberry,Arsenal,60
2003-12-15,170,Republic of Ireland,267849,Tommi O'Reilly,T. O'Reilly,AstonVilla,63
2002-04-04,177,England,264580,Daniel Chesters,D. Chesters,WestHamUnited,68
2000-11-06,187,England,246392,Lewis Brunt,L. Brunt,MansfieldTown,71
2003-03-15,187,Portugal,256449,Christian Fernandes Marques,Christian Marques,WolverhamptonWanderers,75
2001-01-30,165,England,248185,Sonny Hilton,S. Hilton,Fulham,57
2003-11-04,177,Jamaica,265484,Dexter Lembikisa,D. Lembikisa,RotherhamUnited,68
2003-01-03,178,England,262930,Daniel Oyegoke,D. Oyegoke,BradfordCity,73
2004-04-25,180,England,271173,Michael Olakigbe,M. Olakigbe,Brentford,73
2005-01-19,185,England,271808,Lino Sousa,L. Sousa,Arsenal,70
2000-06-16,170,Norway,259095,George Lewis Igaba-Ishimwe Maniraguha,G. Lewis,Arsenal,63
2001-10-11,196,Finland,258928,Viljami Sinisalo,V. Sinisalo,ExeterCity,87
2003-04-17,180,Australia,259677,Alexander Robertson,A. Robertson,Portsmouth,77
2006-01-05,183,Scotland,272942,Rory Wilson,R. Wilson,AstonVilla,75
2005-10-06,179,England,275266,Travis Patterson,T. Patterson,AstonVilla,70
2000-12-01,185,England,243848,Brooklyn Lyons-Foster,B. Lyons-Foster,TottenhamHotspur,74
1999-09-18,175,South Africa,241435,Thakgalo Khanya Leshabela,K. Leshabela,LeicesterCity,72
2005-04-01,178,England,271530,Dominic Ballard,D. Ballard,Reading,74
2005-12-12,182,England,274102,Oliver Scarles,O. Scarles,WestHamUnited,70
2002-10-03,168,England,246002,Luke Alexander Matheson,L. Matheson,WolverhamptonWanderers,62
2003-09-22,191,England,271216,Harvey Griffiths,H. Griffiths,Walsall,78
2001-11-08,194,England,258792,George Wickens,G. Wickens,Fulham,81
2003-09-02,174,England,273587,Dominic Sadi,D. Sadi,AFCBournemouth,65
2003-09-19,197,England,268632,Reece Welch,R. Welch,ForestGreenRovers,88
2006-01-19,176,England,274348,Kadan Young,K. Young,AstonVilla,70
2005-01-28,184,Portugal,263734,Diogo Pinheiro Monteiro,Diogo Monteiro,LeedsUnited,73
2003-09-12,183,England,264579,Freddie Potts,F. Potts,WycombeWanderers,79
2004-10-25,183,England,271227,Divin Mubama,D. Mubama,WestHamUnited,70
2003-09-26,184,Northern Ireland,268630,Isaac Price,I. Price,StandardLiège,70
2004-08-06,185,England,271192,Victor Akinwale,V. Akinwale,CrystalPalace,60
2004-01-14,175,England,271822,Jamie Miley,J. Miley,NewcastleUnited,60
2000-09-19,183,Northern Ireland,273692,Kofi Balmer,K. Balmer,PortVale,80
2003-12-30,178,England,272369,Joe Wormleighton,J. Wormleighton,LeicesterCity,70
2005-05-06,189,England,273693,David Ozoh,D. Ozoh,CrystalPalace,68
2002-09-24,193,Hungary,274104,Krisztián Hegyi,K. Hegyi,Stevenage,85
2004-01-06,190,Netherlands,264411,Sil Swinkels,S. Swinkels,AstonVilla,78
2004-02-29,183,England,271191,Joseph Whitworth,J. Whitworth,CrystalPalace,70
2004-06-17,190,Scotland,261382,Jeremiah Chilokoa-Mullen,J. Chilokoa-Mullen,LeedsUnited,72
2003-11-14,177,Republic of Ireland,267476,Tayo Adaramola,T. Adaramola,CrystalPalace,69
2002-09-15,191,Scotland,264645,Cieran Slicker,C. Slicker,IpswichTown,82
2003-02-15,173,England,258513,Amadou Diallo,A. Diallo,NewcastleUnited,63
2001-10-12,181,Finland,266368,Terry Ablade,T. Ablade,CarlisleUnited,75
2004-03-28,182,England,271939,Stefan Parkes,S. Parkes,Fulham,78
2004-09-29,171,Republic of Ireland,263411,Jamie Mullins,J. Mullins,Brighton&HoveAlbion,60
2000-03-25,185,Canada,243588,Thomas McGill,T. McGill,Brighton&HoveAlbion,80
2005-05-06,194,England,268550,Joshua Feeney,J. Feeney,AstonVilla,78
2004-06-28,193,Poland,271411,Oliwier Zych,O. Zych,PuszczaNiepołomice,86
2004-11-25,183,Portugal,266544,Adler Bruno de Nascimento,Adler Nascimento,CrystalPalace,76
2001-10-15,182,Republic of Ireland,251590,Lewis Paul Jimmy Richards,L. Richards,BradfordCity,72
2005-02-22,186,Republic of Ireland,267871,Nathan Fraser,N. Fraser,WolverhamptonWanderers,76
2003-03-14,169,England,271940,Martial Godo,M. Godo,WiganAthletic,61
2002-09-23,170,Australia,264124,Cameron Peupion,C. Peupion,CheltenhamTown,76
2004-02-18,180,England,264113,Jack Wells-Morrison,J. Wells-Morrison,CrystalPalace,73
2003-10-26,186,Wales,271235,Owen Bevan,O. Bevan,CheltenhamTown,74
2004-10-05,173,England,260406,Kaide Gordon,K. Gordon,Liverpool,65
2005-11-11,176,Scotland,266815,Ben Doak,B. Doak,Liverpool,64
2003-04-27,181,Iraq,265788,Zidane Iqbal,Z. Iqbal,FCUtrecht,65
2005-04-19,175,England,269136,Kobbie Mainoo,K. Mainoo,ManchesterUnited,80
2002-09-02,182,England,264410,Hayden Lindley,H. Lindley,AstonVilla,70
2001-11-14,180,Scotland,258805,Harrison Ashby,H. Ashby,SwanseaCity,75
2002-03-02,180,Republic of Ireland,253729,Armstrong Echezolachukwu Inya Okoflex,A. Oko-Flex,Zürich,73
2003-11-11,183,England,261640,Jamal Baptiste,J. Baptiste,WestHamUnited,75
2003-05-02,182,England,256488,Matthew Cox,M. Cox,BristolRovers,74
2005-03-01,181,Scotland,261638,Dylan Reid,D. Reid,CrystalPalace,68
2003-04-10,179,Wales,259766,Finley Stevens,F. Stevens,OxfordUnited,73
2004-12-16,183,England,274387,Reuell Walters,R. Walters,Arsenal,65
2004-09-08,179,England,266127,Lewis Hall,L. Hall,NewcastleUnited,71
2004-02-10,178,England,266074,Sonny Perkins,S. Perkins,OxfordUnited,72
2004-08-01,180,England,264180,Alfie Devine,A. Devine,PortVale,75
2005-03-04,168,Wales,270937,Luke Harris,L. Harris,Fulham,63
1997-11-05,190,Wales,233201,Christopher James Mepham,C. Mepham,Wales,75
1992-05-24,193,England,204246,Marcus Bettinelli,M. Bettinelli,Chelsea,82
2004-11-21,169,England,271574,Rico Lewis,R. Lewis,ManchesterCity,70
2004-07-01,180,Argentina,268438,Alejandro Garnacho Ferreyra,Alejandro Garnacho,ManchesterUnited,72
2002-11-20,175,Zimbabwe,271693,Tawanda Jethro Maswanhise,T. Maswanhise,LeicesterCity,69
1989-10-24,177,England,193942,Jack Colback,J. Colback,QueensParkRangers,77
2000-03-31,187,France,246679,Giulian Biancone,G. Biancone,NottinghamForest,79
2002-07-30,183,France,257612,Sékou Mara,S. Mara,Southampton,80
2003-07-17,175,Netherlands,259403,Joel Ideho,J. Ideho,Arsenal,70
2003-08-20,177,Netherlands,259097,Salah-Eddine Oulad M'Hand,S. Oulad M'Hand,Arsenal,70
2004-01-06,181,Belgium,263620,Roméo Lavia,R. Lavia,Chelsea,75
1990-03-05,189,England,184436,Alex Smithies,A. Smithies,LeicesterCity,88
2002-09-18,180,Spain,261224,Hugo Bueno López,Hugo Bueno,WolverhamptonWanderers,73
2002-03-29,183,France,259205,Naouirou Ahamada,N. Ahamada,CrystalPalace,73
1998-04-08,175,Grenada,240697,Shandon Baptiste,S. Baptiste,Brentford,67
2000-01-07,180,Ghana,241236,Antoine Semenyo,A. Semenyo,AFCBournemouth,70
1999-11-14,173,Zimbabwe,259634,Jordan Bhekithemba Zemura,J. Zemura,Udinese,75
2002-02-11,177,Burkina Faso,265552,Dango Aboubacar Faissal Ouattara,D. Ouattara,AFCBournemouth,71
1992-02-21,185,England,194957,Phil Jones,P. Jones,ManchesterUnited,71
1994-05-05,178,Spain,210972,Javier Manquillo Gaitán,Manquillo,NewcastleUnited,76
1987-01-24,198,Wales,170084,Wayne Robert Hennessey,W. Hennessey,NottinghamForest,90
1996-11-12,189,Scotland,225974,Scott McKenna,S. McKenna,NottinghamForest,80
2001-04-13,183,Wales,243057,Neco Williams,N. Williams,NottinghamForest,72
1989-12-03,193,England,189324,Alex McCarthy,A. McCarthy,Southampton,79
1997-08-29,177,England,225782,Ainsley Maitland-Niles,A. Maitland-Niles,OlympiqueLyonnais,71
1998-06-15,177,Mali,237560,Moussa Djenepo,M. Djenepo,StandardLiège,65
1998-10-22,198,Australia,229901,Harry James Souttar,H. Souttar,LeicesterCity,79
2001-06-10,177,England,254470,Luke Thomas,L. Thomas,SheffieldUnited,68
2002-12-16,181,Denmark,259762,Victor Bernth Kristiansen,V. Kristiansen,Bologna,77
1999-01-16,187,Portugal,258607,Tote António Gomes,Toti Gomes,WolverhamptonWanderers,72
1992-01-01,193,Republic of Ireland,192622,Shane Patrick Michael Duffy,S. Duffy,NorwichCity,76
1987-10-05,185,United States,198261,Timothy Michael Ream,T. Ream,Fulham,80
1996-07-19,179,Germany,244176,Deniz Undav,D. Undav,VfBStuttgart,86
1998-04-17,196,Norway,224258,Kristoffer Vassbakk Ajer,K. Ajer,Norway,94
2000-07-03,180,Denmark,241508,Mikkel Krogh Damsgaard,M. Damsgaard,Denmark,71
1997-09-14,187,England,225539,Dominic Solanke,D. Solanke,AFCBournemouth,80
2002-06-10,185,Scotland,248808,Aaron Buchanan Hickey,A. Hickey,Scotland,72
1999-12-10,175,England,231448,Reiss Nelson,R. Nelson,Arsenal,71
1997-02-01,187,Brazil,230672,Lyanco Evangelista Silveira Neves Vojnović,Lyanco,Southampton,83
1995-01-20,182,England,205989,Calum Chambers,C. Chambers,AstonVilla,77
1999-03-08,179,France,239452,Ibrahima Diallo,I. Diallo,Southampton,68
1998-06-30,180,England,230005,Tom Davies,T. Davies,SheffieldUnited,70
1996-08-14,173,France,211784,Neal Maupay,N. Maupay,Brentford,69
1991-08-25,185,England,186156,Luke Ayling,L. Ayling,LeedsUnited,72
1991-08-30,187,Scotland,189456,Liam Cooper,L. Cooper,LeedsUnited,73
1991-04-19,180,Northern Ireland,203570,Stuart Dallas,S. Dallas,LeedsUnited,79
1992-03-10,170,Congo DR,202940,Neeskens Kebano,N. Kebano,Fulham,65
2003-11-05,169,Italy,258906,Degnand Wilfried Gnonto,W. Gnonto,LeedsUnited,71
2002-08-30,170,Portugal,256725,Fábio Leandro Carvalho,Fábio Carvalho,RBLeipzig,66
2001-04-30,193,Republic of Ireland,248484,Nathan Michael Collins,N. Collins,RepublicofIreland,81
2001-02-12,176,Brazil,273463,João Victor Gomes da Silva,João Gomes,WolverhamptonWanderers,74
1995-10-09,180,Netherlands,216266,Kenny Joelle Tete,K. Tete,Fulham,71
1997-09-24,196,England,222104,Oluwatosin Adarabioyo,T. Adarabioyo,Fulham,80
1997-08-08,182,United States,229348,Antonee Robinson,A. Robinson,Fulham,70
1992-12-23,178,Ghana,200759,Jeffrey Schlupp,J. Schlupp,CrystalPalace,72
1991-07-16,175,England,194932,Andros Townsend,A. Townsend,Everton,73
1999-09-01,175,England,240947,Tyrick Mitchell,T. Mitchell,CrystalPalace,66
1988-05-10,178,England,180819,Adam David Lallana,A. Lallana,Brighton&HoveAlbion,73
1995-03-19,193,Albania,212151,Thomas Strakosha,T. Strakosha,Brentford,78
1996-01-01,180,Denmark,229723,Mathias Jensen,M. Jensen,Denmark,68
1990-06-17,195,Spain,195668,Joel Robles Blázquez,Joel Robles,LeedsUnited,90
1996-09-03,176,Congo DR,234824,Yoane Wissa,Y. Wissa,Brentford,74
1999-08-07,171,Cameroon,243014,Bryan Mbeumo,B. Mbeumo,Brentford,75
1994-10-25,179,Colombia,213991,Jefferson Andrés Lerma Solís,J. Lerma,CrystalPalace,70
1996-06-11,197,Denmark,220714,Philip Billing,P. Billing,Denmark,80
1997-05-10,183,Argentina,236506,Marcos Nicolás Senesi Barón,M. Senesi,AFCBournemouth,78
1999-05-30,180,England,236988,Edward Nketiah,E. Nketiah,Arsenal,73
2000-02-15,175,Brazil,247641,Mateus Cardoso Lemos Martins,Tetê,Galatasaray,70
1998-05-09,175,Brazil,236499,Douglas Luiz Soares de Paulo,Douglas Luiz,AstonVilla,66
1995-12-30,180,England,221697,Ollie Watkins,O. Watkins,AstonVilla,70
2000-02-06,182,England,238216,Conor Gallagher,C. Gallagher,Chelsea,74
2001-03-26,194,France,242578,Benoît Badiashile Mukinayi,B. Badiashile,Chelsea,75
1989-09-26,174,Senegal,193474,Idrissa Gana Gueye,I. Gueye,Everton,66
1993-02-25,186,England,202048,Conor Coady,C. Coady,LeicesterCity,80
1999-02-14,175,United States,232999,Tyler Shaan Adams,T. Adams,UnitedStates,72
1999-06-17,172,Colombia,233500,Luis Fernando Sinisterra Lucumí,L. Sinisterra,AFCBournemouth,60
1992-08-07,197,Netherlands,223689,Wout Weghorst,W. Weghorst,TSGHoffenheim,84
1986-01-04,175,England,138412,James Philip Milner,J. Milner,Brighton&HoveAlbion,70
1996-08-12,171,Brazil,230658,Arthur Henrique Ramos de Oliveira Melo,Arthur,Fiorentina,73
1992-05-09,198,England,198032,Dan Burn,D. Burn,NewcastleUnited,87
1997-10-30,180,England,237161,Sean Longstaff,S. Longstaff,NewcastleUnited,65
1999-08-20,186,England,237329,Joseph Willock,J. Willock,NewcastleUnited,71
1992-12-24,174,Côte d'Ivoire,197853,Serge Alain Stéphane Aurier,S. Aurier,NottinghamForest,74
1999-11-23,184,France,236987,Boubacar Bernard Kamara,B. Kamara,AstonVilla,68
1989-08-28,178,Spain,184432,César Azpilicueta Tanco,Azpilicueta,AtléticoMadrid,77
1998-09-18,177,United States,227796,Christian Pulisic,C. Pulisic,Milan,69
1996-11-20,190,Switzerland,229261,Denis Lemi Zakaria Lako Lado,D. Zakaria,Monaco,81
1998-07-22,173,Spain,239231,Marc Cucurella Saseta,Cucurella,Chelsea,66
1990-06-17,187,England,183711,Jordan Henderson,J. Henderson,England,80
1991-03-06,182,Spain,198329,Rodrigo Moreno Machado,Rodrigo,Spain,77
1995-02-18,180,Netherlands,208920,Nathan Aké,N. Aké,ManchesterCity,75
1995-12-02,178,England,224081,Kalvin Phillips,K. Phillips,ManchesterCity,72
1993-03-05,193,England,203263,Harry Maguire,H. Maguire,ManchesterUnited,100
1993-03-05,169,Brazil,209297,Frederico Rodrigues de Paula Santos,Fred,Fenerbahçe,62
1995-12-05,184,France,211300,Anthony Martial,A. Martial,ManchesterUnited,76
1999-03-18,184,Portugal,234574,José Diogo Dalot Teixeira,Diogo Dalot,ManchesterUnited,76
1994-02-10,174,Paraguay,230977,Miguel Ángel Almirón Rejala,M. Almirón,NewcastleUnited,70
1996-08-14,186,Brazil,223334,Joelinton Cassio Apolinário de Lira,Joelinton,NewcastleUnited,81
1989-02-02,186,Croatia,181458,Ivan Perišić,I. Perišić,TottenhamHotspur,80
1996-12-20,175,England,224371,Jarrod Bowen,J. Bowen,WestHamUnited,70
1999-01-14,185,England,234378,Declan Rice,D. Rice,Arsenal,80
1996-11-23,175,England,220697,James Maddison,J. Maddison,TottenhamHotspur,73
1998-05-14,191,England,233934,Aaron Ramsdale,A. Ramsdale,Arsenal,77
2001-03-24,193,France,243715,William Alain André Gabriel Saliba,W. Saliba,Arsenal,85
1992-03-01,197,Senegal,234642,Édouard Mendy,É. Mendy,AlAhliJeddah,86
1999-06-11,190,Germany,235790,Kai Lukas Havertz,K. Havertz,Arsenal,82
1999-11-10,181,Portugal,242444,João Félix Sequeira,João Félix,FCBarcelona,72
1991-10-02,181,Brazil,201942,Roberto Firmino Barbosa de Oliveira,Roberto Firmino,AlAhliJeddah,76
1999-05-07,189,Netherlands,242516,Cody Mathès Gakpo,C. Gakpo,Liverpool,76
1994-05-28,188,England,203574,John Stones,J. Stones,ManchesterCity,76
1992-02-14,181,Denmark,190460,Christian Dannemann Eriksen,C. Eriksen,ManchesterUnited,76
1998-01-18,178,Argentina,239301,Lisandro Martínez,L. Martínez,ManchesterUnited,77
1992-04-19,199,England,203841,Nick Pope,N. Pope,NewcastleUnited,76
2000-01-12,193,Netherlands,251809,Sven Botman,S. Botman,NewcastleUnited,81
1998-04-27,185,Argentina,232488,Cristian Gabriel Romero,C. Romero,TottenhamHotspur,79
1997-05-07,176,Belgium,216393,Youri Tielemans,Y. Tielemans,AstonVilla,72
